id,module,quiz_week,cognitive_level,item_type,stem,option_A,option_B,option_C,option_D,correct,rationale,kit_source,contains_verify_flag
HCQ-M1-01,M1,2,Remember,MC,Which set of four features does Module 1 say shows up across the seven risk families?,"Passwords, updates, backups and filters","Speed, volume, cost and location","Strangers, screens, games and money","Pressure, secrecy, a request, and a move somewhere more private",D,"The kit teaches the pattern, not the app. Pressure, secrecy, a request and a move somewhere more private recur whether the setting is a game, a chat or a feed.","Academy Module 1, Part 1 (The thread that connects them)",no
HCQ-M1-02,M1,2,Remember,MC,What is the Hackles routine?,Hackles up? Pause. Check. Tell.,Look. Listen. Learn.,Block. Delete. Forget.,Stop. Drop. Roll.,A,"Notice the feeling, do nothing yet, check whether it is real and who is asking, then tell a trusted adult.","Academy Overview; Module 1, Part 4",no
HCQ-M1-03,M1,2,Understand,MC,Why does Module 1 say the old 'stranger danger' slogan is not enough online?,Strangers are never a danger to children online,Only adults who are strangers can cause online harm,"Much online harm starts with accounts that look like peers or people a child half-knows, so children need to notice pressure, secrecy and requests whoever is asking","Children cannot tell who is a stranger, so they should avoid all online contact",C,The skill taught is noticing the pattern and telling. The slogan misses accounts that seem friendly and familiar.,"Academy Module 1, 'A word about stranger danger'",no
HCQ-M1-04,M1,2,Remember,MC,Which figure did Module 1 report for NCMEC's 2025 count of financially motivated sextortion reports?,"More than 500,000, up from more than 360,000","More than 5,000, up from more than 3,600","About 80,000, a rise of 37 percent","More than 50,000, up from more than 36,000 the year before",D,"These are the counts verified on NCMEC's own page. The 80,000 and 37 percent figures could not be found on the primary pages and were removed from the kit.","Academy Module 1, Calm Fact 2; Fact-Check Report Round 1, items 4.1 to 4.4",no
HCQ-M1-05,M1,2,Apply,SCN,A colleague drafting a newsletter wants to write 'sextortion reports rose 37 percent.' What is the best advice?,"Give the counts from NCMEC's page (more than 50,000 in 2025, more than 36,000 in 2024) and avoid a percentage the primary pages do not state",Keep 37 percent because several news sites use it,Round the rise up to 40 percent so it has impact,Drop all numbers and say reports are 'exploding',A,"The kit's check found the 37 percent figure only in snippets, and the counts imply about 39 percent. Quote the counts from the primary source.","Evidence file, Section 2.1; Fact-Check Report Round 1, item 4.2",no
HCQ-M1-06,M1,2,Understand,MC,Why does Module 1 call children not telling 'the most important number for teachers'?,It shows that lessons are unnecessary,It proves that children cannot be trusted to report,It shows that most children are being harmed,"It shows the most powerful thing to teach is that telling is safe, never gets you in trouble, and brings help",D,"The point is help-seeking. Shame and fear of blame keep children silent, so the lesson design aims at telling.","Academy Module 1, Calm Fact 4",no
HCQ-M1-07,M1,2,Analyze,SCN,A candidate wants to quote 'one-third of children told no one and only 3 percent went to police or a helpline.' Which handling is best?,"Say the figures come from UNICEF's first 13 countries (Africa and Southeast Asia), not the US, and confirm them in the primary reports before quoting [VERIFY]",Present them as US figures because the topic is the same,Quote them as exact and universal,Add that 97 percent of US children tell a parent,A,"Module 1 states the geographic limit. The Round 1 report could not confirm the figures on the project page, so they stay marked for checking.","Academy Module 1, Calm Fact 4; Fact-Check Report Round 1, item 4.11",yes
HCQ-M1-08,M1,2,Understand,MC,"What does the Finkelhor and colleagues (2021) review, as summarized in Module 1, suggest about lesson types?",One large assembly is the best-supported approach,Lectures on rules outperform role-play,"Active, skill-based, repeated programs are better supported than one-off assemblies or information-only lessons",Fear-based warnings are proven to work best,C,"The summary table in Module 1 favors active, structured, repeated programs. The kit marks the citation [VERIFY] until read in full.","Academy Module 1, 'What the research says works'",yes
HCQ-M1-09,M1,2,Understand,MC,Which statement is an honest caveat about the evidence for Hackles-style teaching?,A large randomized trial proves the program prevents sextortion,Every claim in the kit has been independently verified,"Much of the best evidence comes from an adjacent field, and no rigorous trial of a modern K-12 sextortion or deepfake curriculum is known",Evidence for fear appeals in online safety is conclusive,C,Module 1 and the Assessment Pack both say plainly that no rigorous trial is known and that adjacent-field evidence is used.,Academy Module 1; Assessment Pack Section 13,no
HCQ-M1-10,M1,2,Apply,SCN,"Your principal says, 'One big assembly and we are done for the year.' Which reply fits Module 1?",Refuse and explain that assemblies are harmful,"Affirm the goal, then offer both/and: a short kickoff plus ten short classroom lessons, and offer to pilot with one grade",Tell the principal the evidence proves assemblies never work,"Agree, since any program is better than none",B,Both/and keeps the visible response the principal wants and adds repeated skill practice. Overstating the evidence would not be honest.,"Academy Module 1, Scenario 1.A",no
HCQ-M1-11,M1,2,Apply,SCN,"A fourth grader says, 'I play every night with a guy named Max. He's 14. He gave me free coins.' What is the best first response?","Stay calm and curious ('Tell me more about the game'), do not interrogate, make a quiet note and let the counselor know per school process",Ask the child to show you the whole chat on their device,"Ignore it, because it is just a game",'That is dangerous! Never talk to him again!',A,"One comment alone is not a disclosure of harm. Gifts, an older 'friend' and nightly contact are a pattern worth noting. Alarm or interrogation ends the conversation.","Academy Module 1, Scenario 1.B",no
HCQ-M1-12,M1,2,Analyze,SCN,"In the Max scenario, which added detail would change your response to treating it as a possible disclosure?",The child says other students also have game friends,"The child says Max asked for secrecy, pictures, or a move to a private app, or made threats",The child says Max is good at the game,The child says the coins were colorful,B,"Secrecy, pictures, threats or a move to a private app are the signals the kit says to treat as a potential disclosure and handle with the First 10 Minutes.","Academy Module 1, Scenario 1.B guidance",no
HCQ-M1-13,M1,2,Remember,MC,Which of these is NOT part of a teacher's role in Hackles?,Reporting as required,Noticing and listening,Handing off to trained people,Investigating who did it and confronting a suspect,D,"The role is recognition and response. Investigation, confrontation, viewing images, searching phones and counseling are not the teacher's job.","Academy Module 1, Part 5",no
HCQ-M1-14,M1,2,Understand,MC,Why does Module 1 say 'fear without a skill is just fear'?,"A child told only that dangers exist has nothing to do with that information, while a rehearsed skill gives them an action",Skills make fear unnecessary for adults,Children cannot feel fear about technology,Fear is never present in children,A,The first reason in 'Why not just scare them' is that fear needs a doable action attached to it.,"Academy Module 1, Part 3",no
HCQ-M1-15,M1,2,Understand,MC,Module 1 Calm Fact 1 says most children use technology safely most of the time. What follows for teaching?,"Build skills calmly for the minority of moments that go wrong, rather than skipping lessons or using scare tactics",Assume every child is already being harmed,Skip online safety lessons,Teach with graphic stories so the minority takes it seriously,A,The fact supports calm skill-building. The existence of serious cases is the reason to teach at all.,"Academy Module 1, Calm Fact 1; self-check Q2",no
HCQ-M1-16,M1,2,Apply,MC,Which message is a well-formed skill message?,'Hackers are everywhere.','Everyone online is lying.','Never share anything online.',"'If an account asks for your password or code, hackles up: pause and check with a trusted adult.'",D,"A good skill message names a signal, one concrete action and a person to tell, in a hopeful, shame-free tone.","Academy Module 1, Activity 1.3; self-check Q10",no
HCQ-M1-17,M1,2,Evaluate,SCN,An article says Thorn found that about 1 in 25 teens have had deepfake nudes created of them. What does the kit's check say?,The article is right; Thorn's figure is 1 in 25,"Thorn reported 1 in 17 teens; '1 in 25' is the UNICEF figure for some countries, so the article's attribution is wrong","Thorn's figure is 1 in 8, which is the same thing",Neither organization has reported such a figure,B,"Round 1 corrected this exact error: 1 in 17 (Thorn, 1,200 US young people) and 1 in 8 who know someone targeted; 1 in 25 is UNICEF in some countries.","Fact-Check Report Round 1, items 4.8 to 4.10",no
HCQ-M1-18,M1,2,Evaluate,SCN,Which sentence for a parent handout is the most defensible?,'Every statistic in this handout is guaranteed accurate.','Studies show Hackles prevents sextortion.','Research proves fear-based warnings backfire in online safety.',"'The evidence on fear appeals is mixed, and direct evidence for online safety is thin, so we teach calm skills with practice.'",D,The kit says not to claim fear appeals are proven to backfire in this field and that no trial shows the program prevents harm.,Academy Module 1; Assessment Pack Section 13,no
HCQ-M2-01,M2,4,Remember,MC,"In the kit's rule of thumb for a passphrase, what is the minimum?",One clever word with symbols,"Five or more unrelated words, at least 15 characters in total, ideally chosen at random",A pet's name plus the year,Any eight characters changed monthly,B,NIST SP 800-63B-4 sets 15 characters as the minimum for a password used alone. CISA suggests 5 to 7 words and 16 or more characters.,"Academy Module 2, Part 1; Fact-Check Report Round 1, items 6.1 and 6.2",no
HCQ-M2-02,M2,4,Remember,MC,"According to Module 2, which habit matters most?",Changing it every week,Sharing it with a trusted friend,"A unique, long passphrase for each important account",Special characters in a short word,C,"Length beats cleverness, and reuse is the real enemy.","Academy Module 2, self-check Q1",no
HCQ-M2-03,M2,4,Understand,MC,Why is reusing a password the real problem?,"When one site is hacked, stolen email and password lists are tried on other sites, so one leak can open every account that shares the key",Hackers cannot guess reused passwords,Websites cannot store reused passwords,Reuse makes a password shorter,A,The Key Ring idea: one key for six doors means six open doors after a leak.,"Academy Module 2, 'Why reuse is the problem'",no
HCQ-M2-04,M2,4,Remember,MC,What does Module 2 say about a login code a service sends you?,It is safe to share if the person sounds friendly,A moderator may need it to fix your account,A code is a key: nobody who is really helping you will ask you to read it to them,Support staff may ask for it to verify you,C,"Even a code from a text message can be tricked out of you. The rule holds for support, friends and moderators.","Academy Module 2, 2-step verification; self-check Q2",no
HCQ-M2-05,M2,4,Understand,MC,Why does Module 2 advise turning on 2-step verification for email first?,"Email can reset many other accounts, so it is the master key",Email accounts do not have passwords,Email stores the most photos,Email is the only account that can be hacked,A,Protect the account that can unlock the others.,"Academy Module 2, 2-step verification rules; self-check Q3",no
HCQ-M2-06,M2,4,Remember,MC,What is a passkey?,A code texted to your phone,A password manager's master phrase,"A cryptographic key on your device unlocked by fingerprint, face or screen lock, replacing a typed password",A longer password written on paper,C,"Nothing to type and nothing to hand over in a phishing message. Support varies by service, and recovery needs planning.","Academy Module 2, Passkeys; self-check Q6",no
HCQ-M2-07,M2,4,Understand,MC,Why can a passkey resist a phishing message?,It expires every hour,"There is nothing to type or hand over, and the key only works for the real site on your device",It is stored in plain text where fake sites cannot see it,It is a very long password,B,The kit's description: nothing to copy and nothing to reuse. NIST treats such authenticators as phishing resistant.,"Academy Module 2, Passkeys; Fact-Check Report Round 1, item 6.5",no
HCQ-M2-08,M2,4,Apply,MC,Which invented passphrase best fits the kit's rule of thumb?,Tr0ub4dor&3,P@ssw0rd!,violet anchor pencil toast marble,Fluffy2012,C,"Five unrelated words, over 15 characters, silly and memorable. The others are short, common patterns or famous substitutions.","Academy Module 2, 'What makes a good password'",no
HCQ-M2-09,M2,4,Understand,MC,"What does NIST SP 800-63B-4 say about forcing regular password changes, as summarized in the kit?",Passwords must be changed every 30 days,Verifiers must not require periodic changes without evidence of compromise,Changes are required only for children,Passwords must change after every login,B,"The kit cites the current revision (Aug 2025): no composition rules, no routine periodic changes, a blocklist check, and at least 64 characters allowed.","Academy Module 2, Part 1; Fact-Check Report Round 1, item 6.1",no
HCQ-M2-10,M2,4,Remember,MC,Which are the five hackles-raisers taught for phishing and scams?,"Spelling, color, logo, font and length","Urgency, secrecy, too good to be true, the ask, and does not add up","Speed, price, brand, color and sound","Sender, subject, date, size and language",B,"None of the five depends on technology, so they travel across apps.","Academy Module 2, Part 2",no
HCQ-M2-11,M2,4,Apply,SCN,"A message says, 'Your account will be deleted in 1 hour. Click to confirm your password.' Which hackles-raisers are present?",Secrecy only,Urgency and the ask,None of them,Too good to be true only,B,A deadline is urgency and a request to confirm a password is the ask. Pause and check another way.,"Academy Module 2, self-check Q4",no
HCQ-M2-12,M2,4,Remember,MC,What is the Own-Door rule in the Facilitator Kit?,Reply to the sender and ask if it is real,"Do not use the link, number or contact in the message; open the site or app yourself, call a number you already had, or ask in person",Click the link only if it looks professional,Forward the message to a friend to check,B,"Check another way, using a door you already trust.",Facilitator Kit Handout H4; Academy Module 2,no
HCQ-M2-13,M2,4,Apply,SCN,A student tells you she typed her game password into a fake giveaway page. Which response fits the kit?,'Thank you for telling me. It is not your fault. Let's tell a trusted adult and use the official steps to secure the account.','Don't tell anyone; we will fix it quietly.','How could you be so careless?','Never play that game again.',A,"Shame-free, tell an adult, official recovery. Blame makes the next disclosure less likely.","Academy Module 2, self-check Q10",no
HCQ-M2-14,M2,4,Understand,MC,Why does the kit say 'Never share personal information online' is not enough on its own?,It is a complete safety plan,It is illegal advice,"It is vague and cannot be followed perfectly, so it should be paired with 'who is asking, why, and tell a trusted adult'",It applies only to adults,C,"The kit frames a better rule: who is asking, why, and do I trust them, plus telling.","Academy Module 2, 'A privacy rule that does not work'",no
HCQ-M2-15,M2,4,Remember,MC,What does the 3-2-1 backup rule say?,"Three passwords, two locks, one code","Three copies, on two kinds of storage, with one stored elsewhere","Three devices, two accounts, one email","Three updates a year, two restarts, one backup",B,"The kit adds that backups should be tested, and for most teachers an approved cloud plus a second location is enough.","Academy Module 2, Part 5; Concepts Lab Demo 10",no
HCQ-M2-16,M2,4,Understand,MC,Why does Demo 10 stress restoring a backup at least once?,Backups only work if restored weekly,Restoring makes files smaller,Restoring deletes the backup,A tested copy kept elsewhere beats panic; a copy you have never restored is only a hope,D,"The big idea is another copy, somewhere else, that you know works.",Concepts Lab Demo 10,no
HCQ-M2-17,M2,4,Remember,MC,What is the 'mosaic effect' in Demo 9?,"Small, harmless facts combine into a picture that points to one person",An image filter,A password made of tiles,A map of Wi-Fi coverage,A,"Alone one footprint rarely matters; together they form a profile. The demo uses a fictional person, Quinn.",Concepts Lab Demo 9,no
HCQ-M2-18,M2,4,Remember,MC,Which three families of proof does Demo 6 use for authentication?,"A name, an address and a phone number","Something you type, click and send","Something you know, something you have, something you are","A username, a nickname and a code word",C,A second proof from a different family stops most takeovers from a stolen password alone.,Concepts Lab Demo 6,no
HCQ-M2-19,M2,4,Understand,MC,What does Demo 7 teach about updates?,Updates make old holes larger,Updates only add new features,Updates are optional for security,"An update is a fix for a known hole, and the race is between the fix reaching devices and someone misusing the hole",D,Software has mistakes; some are holes. Every copy needs the fix.,Concepts Lab Demo 7; Academy Module 2 Part 4; self-check Q7,no
HCQ-M2-20,M2,4,Understand,MC,Why do well-built sites store a hash (a one-way fingerprint) of a password instead of the password?,It lets staff read passwords more easily,"The site can check what you type without keeping it, and a stolen list of fingerprints is much less harmful than a stolen list of passwords",It makes login slower on purpose for every user,Hashes can be reversed instantly to show the password,B,Demo 2's big idea is the one-way fingerprint. Salting and slow hashes are taught at the 9-12 level.,Concepts Lab Demo 2,no
HCQ-M2-21,M2,4,Analyze,SCN,The kit says 'at least 15 characters (CISA recommends 16 or more)'. Why are both numbers there?,Both numbers are guesses,15 is for children and 16 is for adults,The two agencies disagree and the kit picked one at random,"NIST sets 15 as the minimum for a password used alone, while CISA recommends at least 16 characters or 5 to 7 unrelated words",D,Round 1 corrected the earlier rule to reflect both sources.,"Fact-Check Report Round 1, items 6.1 and 6.2",no
HCQ-M2-22,M2,4,Evaluate,SCN,"A slide says 'MFA blocks over 99 percent of attacks, says Microsoft.' How should it be handled?",Raise it to 100 percent for emphasis,Delete all mention of MFA,Present it as a proven national statistic,"Label it as a vendor claim (99.9 percent of account compromise attacks, 2019, citing a SANS white paper), indicative not exact, and note CISA gives no percentage",D,Round 1 corrected the wording and kept the caution.,"Fact-Check Report Round 1, item 6.3; Concepts Lab Demo 6",no
HCQ-M2-23,M2,4,Apply,SCN,A colleague wants to paste a student's name and a disclosure note into a chatbot to tidy the wording. What does the kit say?,"Do not paste student names, work containing personal details or disclosure notes into a chatbot, and follow your district's AI policy [VERIFY]",It is fine if the chatbot is popular,It is fine if the name is shortened to initials,"It is fine for notes, but not for names",A,Module 3 sets this limit for teacher use of AI tools. Student data and disclosures stay out of chatbots.,"Academy Module 3, 'A note on teacher use'",yes
HCQ-M3-01,M3,5,Remember,MC,Which four patterns does Module 3 teach as showing up in every app?,"Speed, Cost, Volume, Size","Pressure, Secrecy, The Ask, The Move","Name, Age, Place, School","Games, Chats, Video, Feeds",B,Every risk in Module 1 is a variation on these four.,"Academy Module 3, Part 2",no
HCQ-M3-02,M3,5,Understand,MC,Which pairing of pattern and response is correct?,Secrecy: Pause. The Ask: Tell. Pressure: Check.,The Move: Click. The Ask: Reply. Secrecy: Share.,Secrecy: Tell. The Ask: Check. Pressure: Pause.,Pressure: Tell. Secrecy: Check. The Ask: Pause.,C,"Pressure gets a Pause, secrecy gets a Tell, the ask gets a Check, and the move gets a Pause and a question about why the new place is more private.","Academy Module 3, Part 2 table",no
HCQ-M3-03,M3,5,Remember,MC,Which four adult reactions does Module 3 say make children stop telling?,"Panic, punishment, lecture, minimizing","Delay, distraction, laughter and gifts","Phone calls, e-mails, texts and letters","Praise, thanks, questions and silence",A,Each ends the conversation. Take them off the table in advance with the promise: you will not be in trouble for telling me things.,"Academy Module 3, Part 3",no
HCQ-M3-04,M3,5,Apply,SCN,"A student says, 'My friend got a weird message. What should she do?' What is the best reply?",'Is it actually you?','That sounds stressful. I'm glad your friend has someone like you. Here is what I would suggest for her... and you can always tell me about anything too.','That is nothing to worry about.','Tell your friend to stop using that app.',B,Treat 'my friend' as real and keep the door open. Asking 'is it you?' can close it.,"Academy Module 3, 'When my friend means me'",no
HCQ-M3-05,M3,5,Apply,MC,Which question is the best open question for a student about a game?,'Do you play every night?','Is that game safe?',"'What do you like about it, and what is annoying?'","'You are not talking to strangers, right?'",C,Open questions invite explanation. Yes and no questions and loaded questions end conversations.,"Academy Module 3, curiosity script; Module 5 Part 3",no
HCQ-M3-06,M3,5,Understand,MC,"Which AI companion idea is part of the kit's 'fact sheet, not a scare'?",It forgets everything you type,"It can agree too much, so it is not a substitute for a trusted adult",It is a person on the other end,It is always a reliable source of facts,B,"The kit lists: not a person, can be wrong, can agree too much, remembers and stores, not a substitute for a trusted adult.","Academy Module 3, World 3",no
HCQ-M3-07,M3,5,Remember,MC,What did Pew Research Center report in December 2025 about US teens and AI chatbots?,"95 percent, about half daily","64 percent say they use AI chatbots, about 3 in 10 daily","99 percent, all daily","14 percent, about 1 in 100 daily",B,"[VERIFIED 2026-10-05 in the kit; 1,458 teens surveyed Sept 25 to Oct 9, 2025.]","Academy Module 3, World 3; Fact-Check Report Round 1, item 4.16",no
HCQ-M3-08,M3,5,Analyze,SCN,A speaker says 'one in three teens discuss serious matters with AI instead of a person.' What is wrong?,The statistic is correct as stated,"Common Sense reported about one in three AI-companion users, not one in three of all teens",The true figure is one in three of all adults,Common Sense reported that nobody does this,B,The denominator matters. Round 1 corrected the kit on this point.,"Fact-Check Report Round 1, items 4.13 and 4.14",no
HCQ-M3-09,M3,5,Understand,MC,Why does Module 3 say 'a group chat is not a private room'?,"Anything can be screenshotted, forwarded or shown to others",Group chats are always public websites,Group chats delete messages automatically,Only teachers can see group chats,A,This is the key idea for children about group chats.,"Academy Module 3, World 2",no
HCQ-M3-10,M3,5,Apply,SCN,A chat goes quiet whenever one student posts. Which upstander moves does the kit's 6-8 'Group Chat Dynamics' lesson practice?,Screenshotting and posting the chat publicly,Waiting to see what happens,Joining in so you are not the next target,"A quiet check-in, saying 'not cool' in the chat, leaving the chat, and telling a trusted adult",D,These are the upstander moves named in Module 3.,"Academy Module 3, World 2 (Hackles connection)",no
HCQ-M3-11,M3,5,Understand,MC,"In Demo 12, what is the better habit than trying to spot a fake by its flaws?",Share it to see what others say,Trust any image that looks sharp,Decide it is fake because it is shocking,"Verify the source: find the original, look for other reliable confirmation, and use a second channel for urgent requests",D,"Fakes improve, so verification habits outlast flaw-spotting.",Concepts Lab Demo 12,no
HCQ-M3-12,M3,5,Understand,MC,What is the 'liar's dividend' in Demo 12?,Wrongly dismissing real evidence as fake because fakes exist,A tax on synthetic media,The profit made by deepfake apps,A reward for exposing fakes,A,"Good defenders are careful, not cynical.",Concepts Lab Demo 12,no
HCQ-M3-13,M3,5,Apply,SCN,"A shocking photo of a public figure is spreading. What should a student do first, according to Demo 12 and the Assessment Pack?",Share it fast while it is trending,Check the original source and look for confirmation from reliable outlets before sharing,Decide it is real if it looks real,Decide it is fake because it is shocking,B,Both gut reactions skip checking. The Assessment Pack 9-12 survey item uses this answer key.,Assessment Pack Section 6 item 7; Concepts Lab Demo 12,no
HCQ-M3-14,M3,5,Understand,MC,What does Module 3 say about the research on screens and well-being?,It sets a single daily limit for everyone,It proves screens cause harm in all children,"It is mixed and still developing; quality, content, context, sleep and what screens replace seem to matter more than a number on a clock",It proves screens have no effect,C,The kit points to the AAP's family media plan approach [VERIFIED 2026-10-05: healthychildren.org].,"Academy Module 3, Part 4",no
HCQ-M3-15,M3,5,Evaluate,SCN,A teacher tells students that several state attorneys general have 'proved' a game company harms children. How should this be corrected?,"These are allegations and fast-moving developments, not settled findings, so do not state them as fact in class [VERIFY current status]",Say the actions were all dismissed,Remove the topic entirely and never discuss games,Add that the companies have admitted guilt,A,Module 3 and the evidence file label them allegations.,"Academy Module 3, World 1; Evidence file Section 2.6",yes
HCQ-M3-16,M3,5,Apply,MC,"In Week 4's Curiosity Interview, which behavior fits the five-step script?",Correcting the partner's app choices,Listening about 70 percent of the time and reflecting back what you heard without judging,Writing down names and details to keep,Offering a lecture on risks,B,"Be curious, listen more than you talk, reflect back, ask open questions, offer do not impose.","Academy Module 3, Part 3",no
HCQ-M4-01,M4,6,Remember,MC,What is Rule 1 of the five rules of safety teaching that works?,Skills over information,Information over skills,Fear over calm,Assemblies over lessons,A,Good lessons teach a few facts and one concrete skill to practice.,"Academy Module 4, Part 1",no
HCQ-M4-02,M4,6,Apply,MC,Which is a skill-based objective (the 'Teacher test')?,"After this, students will appreciate security","After this, students will know that passwords are important","After this, students will be aware of hackers","After this, students can say 'No, I'll check with my grown-up' when someone asks for a password",D,"A skill is a verb students can show. Know, be aware and appreciate cannot be observed.","Academy Module 4, Rule 1",no
HCQ-M4-03,M4,6,Understand,MC,Why does role-play work for safety skills?,It tests children on facts,It replaces the need to tell an adult,It scares children into compliance,It makes the words available when the real moment comes; a child who has practiced 'I need help' can say it once in a hard moment,D,Practice builds a reflex.,"Academy Module 4, Rule 2",no
HCQ-M4-04,M4,6,Remember,MC,Which role-play practice does Module 4 recommend?,Assign the most shy student to play the victim,Ask students to act out graphic details,"Let students play the helper, not the victim, and have the adult play the difficult person with a clear signal for stepping out of character",Use real stories from students,C,Also use puppets or character cards for younger children so no child plays the 'bad guy.',"Academy Module 4, Rule 2",no
HCQ-M4-05,M4,6,Apply,MC,Which framing replaces a fear message with a tool?,"'If you talk to a stranger, something terrible could happen.'","'If anyone asks for secrets or pictures, your hackles go up. Pause and tell.'",'Your life will be ruined.','You will be hacked!',B,The Hackles framing gives a signal and an action.,"Academy Module 4, Rule 3 table",no
HCQ-M4-06,M4,6,Remember,MC,Which three promises does Hackles language make?,Nobody will ever know; nothing will happen; everything is private,You will always be right; you can never be fooled; you must never share,Every answer will be graded; every mistake is recorded; every parent is told,A false alarm is fine and welcome; it is never your fault; you will not be in trouble for telling,D,"Say them aloud often, especially to older students, who assume the opposite.","Academy Module 4, Rule 4",no
HCQ-M4-07,M4,6,Apply,MC,Which phrase best replaces 'Why did you click it?','You should have known better.','Good kids do not do that.','What happened next?','How could you?',C,'Why' questions can sound like blame.,"Academy Module 4, Rule 4 table",no
HCQ-M4-08,M4,6,Understand,MC,Why does the kit say 'never' language invites failure?,Adults should say 'always' instead,"Children inevitably share some things, so 'never share your name' sets them up to feel they failed; 'think first' and 'check first' are more honest",Children are not capable of safe behavior,'Never' is too gentle for safety lessons,B,"Prefer 'think first,' 'ask a trusted adult,' 'check first.'","Academy Module 4, Rule 4",no
HCQ-M4-09,M4,6,Remember,MC,"What is a spiral curriculum, as used in Hackles?",Repeating the identical lesson every year,Each grade band returns to the same core routine and strands at a more advanced level,Teaching only the newest apps,Teaching all topics in one long unit,B,One lesson does not do it; revisit a little deeper over months and years.,"Academy Module 4, Rule 5",no
HCQ-M4-10,M4,6,Apply,SCN,Two grade 4 password lessons are compared. Which is the good lesson?,The teacher reads ten password rules from slides and gives a quiz,The teacher warns that bad passwords will cost students everything,The teacher assigns a chapter on password history,"Groups build the funniest four-word passphrase, then use a crack-timer card; exit ticket asks for a new rule and when to tell a grown-up",D,"The good lesson has students create, compare, discuss and decide in a calm tone.","Academy Module 4, Part 2, Pair 1",no
HCQ-M4-11,M4,6,Analyze,SCN,"Two grade 8 lessons on pressure online: A shows graphic stories of what happens to children who share pictures; B uses calm case files about a fictional character and rehearses STOP, SAVE, TELL, REPORT. Which statement is correct?",A is better because it motivates through fear,"B follows the evidence-informed approach: no graphic detail, a skill, and help-seeking, while A risks shame, fear and silence",A is better because it is more realistic,Both are equally good,B,The kit's Good versus Weak pair says exactly this.,"Academy Module 4, Part 2, Pair 3",no
HCQ-M4-12,M4,6,Remember,MC,Which item is on the 'good lesson' checklist?,Gives students a role other than victim,Includes a graphic example for realism,Requires every student to share a personal story,Runs 45 minutes,A,"Also: one clear skill, a rehearsal, no fear or shame, ends with who to tell, about 15 minutes, a check, a safe way to disclose.","Academy Module 4, 'The good lesson checklist'",no
HCQ-M4-13,M4,6,Understand,MC,What caution does Module 4 give about gamification?,"Use games that practice the skill, never games that act out the harm",Never use games,Games should be graded,Use points to rank children against each other,A,"Fun matters, and the game must teach the skill.","Academy Module 4, Part 4",no
HCQ-M4-14,M4,6,Evaluate,SCN,"A colleague says, 'Can't we just show a video? Fear gets attention.' What is the best reply?","A video alone is information; add a short rehearsal and a calm tone, because fear without a skill is just fear and shame blocks telling",Say a video is the same as an active lesson,"Agree, because attention is the main goal",Say videos are always banned,A,The kit's rules favor rehearsal and calm skill practice. A video can serve as a hook only.,"Academy Module 4, Scenario 4.A and Rules 1 to 3",no
HCQ-M4-15,M4,6,Apply,SCN,A student who 'already knows it all' keeps interrupting. What does the kit suggest?,Quiz them in front of the class,Send them out of the room,Ignore them for the rest of the term,"Give them a role, such as a helper, detective or demonstrator",D,Module 5's management table says to give know-it-alls and jokers a role.,"Academy Module 4, Scenario 4.B; Module 5 Part 4",no
HCQ-M4-16,M4,6,Apply,SCN,"During a role-play, several students giggle. Which response fits?",Cancel the lesson,Name it kindly ('A lot of us laugh when things feel awkward') and keep going,Single out one student,Stop and punish the class,B,"Giggling is often nervous energy, not disrespect.","Academy Module 4, Scenario 4.C; Module 5 Part 4",no
HCQ-M4-17,M4,6,Remember,MC,"In the student plan STOP, SAVE, TELL, REPORT, what does SAVE mean?",Save and share any image as proof,Save the password to a document,Delete everything to be safe,"Keep the account name, links, dates and text threats; never save or share images",D,SAVE means text evidence only.,"Academy Module 4, Rule 1; Module 6 Part 4",no
HCQ-M4-18,M4,6,Analyze,MC,Why does Module 4 prefer 'someone who is pressuring you' to 'predator' and 'the person it happened to' to 'victim' when talking with children?,The words are too long,The words are more frightening,"Shame-free, concrete language is easier for children to act on and keeps telling safe",The words are legally prohibited in classrooms,C,The language table lists 'predator' and 'victim' (to a child) as phrases to avoid.,"Academy Module 4, Rule 4 table",no
HCQ-M5-01,M5,7,Remember,MC,What are the four parts of a 15-minute Hackles lesson and their times?,"Hook 2, Activity 8, Discuss 3, Takeaway 2","Lecture 10, Quiz 3, Homework 1, Test 1","Hook 5, Activity 5, Discuss 3, Takeaway 2","Video 5, Video 5, Video 3, Video 2",A,The same skeleton is used in every Teacher Guide.,"Academy Module 5, Part 1",no
HCQ-M5-02,M5,7,Remember,MC,"What does 'one skill, one phrase, one gesture' mean?","One teacher, one student, one device",Three separate lessons in one,"One fact, one date, one quiz","A lesson should be summarized by a single skill, a repeatable sentence and a hand signal; more means it is probably two lessons",D,"Examples: Pause before you click; 'Hackles up? Pause, Check, Tell'; Pause Palm.","Academy Module 5, Part 1",no
HCQ-M5-03,M5,7,Understand,MC,Why must the Hook stay at about two minutes?,"If you are still talking at minute three, you have lost the class, and the activity is where students learn",Hooks are not allowed to be fun,The Takeaway needs 8 minutes,Students cannot listen for more than a minute,A,"Hook rules: do not scare, do not exceed two minutes, say what you will practice.","Academy Module 5, The Hook",no
HCQ-M5-04,M5,7,Remember,MC,Which order lists the question ladder from lower to higher level?,"Apply, recall, evaluate, create, explain","Explain, recall, create, apply, evaluate","Recall, explain, apply, evaluate, create","Create, evaluate, apply, explain, recall",C,Start with what did we notice and climb toward how could we improve it.,"Academy Module 5, Part 3",no
HCQ-M5-05,M5,7,Apply,MC,Which question is open rather than closed?,'Is that right?','Was that a scam?','What made you think it was a scam?','Did you tell an adult?',C,Open questions invite explanation.,"Academy Module 5, Part 3",no
HCQ-M5-06,M5,7,Apply,SCN,"A student says, 'I would just send it.' What is the best response?",Ignore the comment,'That is a terrible idea.',Ask the student to explain in front of everyone why they are careless,"'Thanks for being honest. Lots of people feel that pressure. Let's practice a different response,' then follow up privately",D,"A worrying answer is information, not a reason to shame.","Academy Module 5, Part 3 (Responding to answers)",no
HCQ-M5-07,M5,7,Remember,MC,How long should wait time be after asking a question?,30 seconds,Under one second,About 3 to 5 seconds,Two minutes,C,Wait time raises quality and participation.,"Academy Module 5, Part 2",no
HCQ-M5-08,M5,7,Understand,MC,What is the purpose of the pass card?,It preserves safety and dignity: any student may say 'pass' without explaining,It lets students skip lessons,It excuses students from homework,It records who is uncomfortable,A,"Always available, especially in sensitive lessons.","Academy Module 5, Part 2",no
HCQ-M5-09,M5,7,Apply,SCN,You are 12 minutes in and the activity is not finished. What does the time rescue table say?,Add a second activity,Skip the takeaway,Extend the lesson by 10 minutes,Cut one round of practice; keep the takeaway and the open door,D,Never cut the takeaway and the open door.,"Academy Module 5, Part 4 (Time rescue)",no
HCQ-M5-10,M5,7,Remember,MC,Which is one of the 'four mistakes to avoid above all'?,Giving students a role,Promising secrecy,Starting with a hook,Using a hand signal,B,"The four: making a child the example, promising secrecy, ignoring the open door, teaching without prep for disclosures.","Academy Module 5, Part 6",no
HCQ-M5-11,M5,7,Apply,SCN,A student starts a long personal story in front of the class. What do you do?,Let the story continue so everyone learns,Tell them to stop and not speak again,Ask follow-up questions in front of the class,"Thank them, redirect gently ('let's keep the details between us and talk privately after'), and follow up that day",D,This protects the student's privacy and keeps a path open for disclosure.,"Academy Module 5, Part 4",no
HCQ-M5-12,M5,7,Understand,MC,What is the Takeaway formula?,Fact plus quiz plus score,Story plus joke plus video,Skill plus gesture plus promise,Warning plus consequence plus rule,C,"Example: Pause before you click (Pause Palm), plus 'a false alarm is fine and it is never your fault.'","Academy Module 5, The Takeaway",no
HCQ-M5-13,M5,7,Remember,MC,"In the Micro-Teach Rubric, which total marks Hackles-Ready practice?",6 to 11,12 to 17,18 to 24 out of 24,Only 24,C,Six rows scored 1 to 4: 6 to 11 keep practicing; 12 to 17 solid; 18 to 24 Hackles-Ready.,"Academy Module 5, Part 7",no
HCQ-M5-14,M5,7,Analyze,SCN,Only five students are active during the 8-minute activity. Which rubric row and design rule does this violate?,"Active practice: every student should do the skill at least twice, so redesign the activity",Skill focus: the skill is unnamed,Safety and closure: the close was calm,Tone and language: no shaming occurred,A,The activity design rule is that everyone does something.,"Academy Module 5, The Activity; rubric row 3",no
HCQ-M5-15,M5,7,Apply,SCN,"A student's exit ticket says, 'Something happened on my account and I don't want to say.' What is the right step?","Read exit tickets the same day, treat it as a possible disclosure, follow the First 10 Minutes and your policy, and involve the counselor",Contact the family first without checking policy,Post the note on the board to ask who wrote it,Wait until the end of term to read the exit tickets,A,Module 5 says to check exit tickets for worrying content on the same day.,"Academy Module 5, Scenario 5.B and Part 4",no
HCQ-M5-16,M5,7,Understand,MC,"What is the 'I do, we do, you do' pattern?","Students teach, teacher watches, parents grade","Teacher models, the class tries together, then pairs or groups practice twice","Teacher talks, class listens, class takes a test","Teacher reads, students copy, students sign",B,"Typical timing: 1 minute I do, 2 minutes we do, 5 minutes you do.","Academy Module 5, The Activity",no
HCQ-M5-17,M5,7,Evaluate,SCN,Which hook follows Module 5's hook rules?,A three-minute statistics lecture,'Imagine something terrible happens to you online.',"Hold up a fake pop-up card and ask for a thumbs up or down: 'Detectives, is this real?'",A graphic news story about a victim,C,"A good hook is curious, calm, short and names the skill. It never scares.","Academy Module 5, The Hook",no
HCQ-M5-18,M5,7,Analyze,MC,"The Peer Coaching Guide says not to add up Fun, Safe, Skill-based ratings or compare teachers. Why?",Because the ratings are always wrong,Because totals are required by law,Because teachers should never be observed,"A rating is a conversation starter, not a grade; patterns matter more than single items, and only one grow is given",D,The guide says to pick one grow and avoid comparing teachers.,Peer Coaching Guide Section 3,no
HCQ-M6-01,M6,9,Remember,MC,Which three sentences does the kit teach for the first moments of a disclosure?,'I won't tell anyone. It will be fine. Forget it.','Are you sure? That is odd. Delete it.','Thank you for telling me. This is not your fault. You are not in trouble.','Why did you do that? Who else knows? Show me.',C,The three sentences reassure without blame.,"Academy Module 6, Part 3; Disclosure Guide Section 2",no
HCQ-M6-02,M6,9,Remember,MC,What is the teacher's role in a disclosure?,Counselor who treats the child,Detective who confronts the other person,"Recognition and response: listen, reassure, protect evidence safely, report, hand off, document, and look after the child and yourself",Investigator who finds out what happened,C,"You are not an investigator, a therapist or a police officer.",Disclosure Guide Section 1,no
HCQ-M6-03,M6,9,Understand,MC,Why should you not promise a child 'I won't tell anyone'?,Because teachers are not allowed to speak to children privately,Because children do not care about secrecy,Because secrets are always safe to keep,"You may be required to tell people whose job is to help, and breaking a promise hurts more; say 'I can't keep this a secret, because I want to get you help. I will tell you who I tell.'",D,Honesty about limits builds trust.,"Academy Module 6, Part 3 Step 4; Script D",no
HCQ-M6-04,M6,9,Apply,SCN,"A second grader says, 'Somebody on my tablet game said not to tell my mom. He gives me gems.' What is the best response?",'Show me the chat.','He is probably just a kind player.','Thank you for telling me. You are not in trouble. Can you tell me a little more?' Then report on reasonable suspicion without asking for names or details,Phone the child's mother before anyone else,C,"Secrecy and gifts from an unknown person are a reasonable-suspicion pattern. Do not interrogate, and do not contact the family first.","Academy Module 6, Script A and debrief",no
HCQ-M6-05,M6,9,Remember,MC,"What is the typical standard that triggers a report, as described in the kit?",A police report,A confession,"Reasonable suspicion or reason to believe, not proof; the exact standard varies by state [VERIFY]",Proof beyond doubt,C,Reporters do not have to prove abuse occurred.,"Academy Module 6, Part 2; Fact-Check Report Round 1, item 3.3",yes
HCQ-M6-06,M6,9,Understand,MC,Why does the kit say that telling your principal may not satisfy your own duty?,The duty is identical in every state,Principals are never involved in reporting,Teachers are never legally required to report,"In many states the duty is personal and internal reporting may not relieve it, while procedures vary by state; check your state and district policy [VERIFY]",D,Round 1 corrected 'most states' to 'many states.' The practical message is to report yourself and also tell the administrator per policy.,"Fact-Check Report Round 1, item 3.4; Academy Module 6 Part 2",yes
HCQ-M6-07,M6,9,Remember,MC,What must you never do with suspected sexual images of a minor?,Keep them to show to the principal,Forward them to the counselor,"View, copy, download, forward, print or screenshot them",Print one copy for the file,C,"Under federal law, knowing possession or sharing is a serious crime with narrow defenses; secure the device per policy [counsel to confirm].","Academy Module 6, Step 5; Disclosure Guide Step 5",no
HCQ-M6-08,M6,9,Apply,SCN,A student says a classmate has an intimate image on a phone. A colleague suggests you 'just look to check.' What do you do?,Delete the image to protect the classmate,Look briefly to confirm,Ask another student to forward it to you,Do not look; ask the student not to delete or forward anything; secure the device per policy; report personally and promptly,D,Good intentions are not a safe assumption. Authorities collect evidence lawfully.,Academy FAQ 16; Disclosure Guide Step 5,no
HCQ-M6-09,M6,9,Remember,MC,"In STOP, SAVE, TELL, REPORT, what is saved?",The password to the account,Nothing; everything is deleted,"Account names, profile links, dates and threatening text, never images",Copies of any image sent,C,SAVE means text evidence.,"Academy Module 6, Part 4; Assessment Pack Section 6",no
HCQ-M6-10,M6,9,Understand,MC,"What does NCMEC's Take It Down service do, according to the kit?",Reports the child to the school,Removes any adult image from any site instantly,Deletes a child's account,"Helps remove images of people who were under 18 when the image was made from participating platforms, using a hash so the image is never uploaded. It does not work on encrypted platforms",D,People 18 or older are directed to StopNCII.org. [VERIFIED 2026-10-05: takeitdown.ncmec.org],"Fact-Check Report Round 1, items 1.2 and 1.6; Academy Module 6",no
HCQ-M6-11,M6,9,Apply,MC,Which entry belongs in your documentation of a disclosure?,Your guess about what really happened,An opinion about the family,A diagnosis,"The child's exact words in quotation marks, date, time, place, who you told and what you did",D,Document facts only.,"Academy Module 6, Step 7",no
HCQ-M6-12,M6,9,Remember,MC,Where should a private conversation with a child take place?,In a car,Alone in a closed room,"A private place that is still visible to other adults, with the door open or a glass window; never alone behind a closed door",In front of the class,C,This protects the child and the adult.,"Academy Module 6, Step 1",no
HCQ-M6-13,M6,9,Apply,SCN,"A student blurts out in class, 'That happened to me!' about a threat and a picture. What is the best immediate response?",Ignore it until the lesson ends tomorrow,Ask them for details in front of the class,Let classmates ask questions,"Thank them, say you will talk privately in a moment, calm the class and arrange for another adult to supervise, then meet the student that day",D,"Contain the moment without shaming, protect privacy, and move to the First 10 Minutes.","Academy Module 6, Script C and 'Disclosures in front of the class'",no
HCQ-M6-14,M6,9,Apply,SCN,"After a lesson on pressure online, a student says, 'It's kind of me.' after speaking of 'a friend.' What now?",'Why did you not say so?',Promise to tell nobody,"Thank them calmly, say the three sentences, be honest about telling people who can help, and do not ask to see messages or images",'I knew it was you.',C,Accept the shift calmly. Honest limits and no pressure.,"Academy Module 6, Script B",no
HCQ-M6-15,M6,9,Analyze,SCN,"A student asks, 'Promise you won't tell?' Which reply is best?",'Only if it is minor.','I promise.',"'I want to hear it. If it is about someone being hurt or in danger, I must get help from others. I will tell you who and why, and I will not go behind your back.'",'I can't promise anything and I do not want to hear it.',C,It is honest and kind and leaves the door open; promising secrecy and then breaking it harms trust.,"Academy Module 6, Script D",no
HCQ-M6-16,M6,9,Remember,MC,Which crisis resources does the kit list for young people and adults?,A school email alias,211 and 311 only,"988 (call or text), Crisis Text Line (text HOME to 741741), and NCMEC CyberTipline (1-800-843-5678; report.cybertip.org)",The police non-emergency line only,C,"[VERIFIED 2026-10-05: 988lifeline.org, crisistextline.org, report.cybertip.org]. Call 911 for immediate danger.","Fact-Check Report Round 1, items 1.1, 1.3, 1.4",no
HCQ-M6-17,M6,9,Apply,SCN,"A parent phones and says, 'My daughter told me she told you something. What did she say?' What is the best response?",Say you cannot talk to parents at all,Repeat what the daughter said,"Stay warm and share no details, connect them to the counselor, tell your administrator, and consider whether a family member could be involved before sharing anything",Tell the parent to ask a friend,C,Follow policy and involve the counselor.,"Academy Module 6, Script E",no
HCQ-M6-18,M6,9,Understand,MC,"What is secondary traumatic stress, in plain language?",Hearing about a child's hard experience can affect you even though you were not there; it is common and does not mean you did something wrong [VERIFY with a mental health source if cited],A form of blame,A sign that you should not teach any topic,A condition only counselors get,A,"Care plan layers: right after, same day, that evening, that week, longer term.","Academy Module 6, Part 6",yes
HCQ-M6-19,M6,9,Analyze,MC,"Which statement is a phrase to avoid in a disclosure, and why?",'I believe you.' It is too short,'Your parents will be so upset.' It adds fear,'Thank you for telling me.' It is a form of praise,'What would help you feel safest?' It is leading,B,"The avoid list also includes why questions, shock, 'I won't tell anyone,' 'I'm sure it's fine,' 'Let me see,' and 'Are you sure?'","Academy Module 6, Part 4",no
HCQ-M6-20,M6,9,Apply,MC,"For a cyberbullying incident without sexual content or a threat, which steps does the Disclosure Guide list?","Support the child targeted, help them save text evidence, document, report within bullying policy, avoid face-to-face mediation, support the child who was unkind, and check in at a day, a week and a month",Put both children together immediately to settle it,Post the incident in a staff chat,Delete all messages,A,Do not mediate in a way that re-harms.,Disclosure Guide Section 5,no
HCQ-M6-21,M6,9,Evaluate,SCN,Which of these needs immediate escalation to an administrator and counselor?,A game score argument,A late assignment,A mean nickname used once,"Threats of violence, self-harm statements, sexual content, doxxing, or a child saying they feel unsafe at school or home",D,These are the red flags listed in the bullying section.,Disclosure Guide Section 5,no
HCQ-M6-22,M6,9,Evaluate,SCN,You are not sure whether a student's comment is reportable. What does the kit advise?,Wait a week to see if more details appear,Ask the student's friends,Question the student until sure,"Report if you are unsure, because the standard is suspicion not certainty; ask your administrator or the CPS hotline but do not delay while waiting",D,"The threshold is reasonable suspicion, not proof.","Academy Module 6, Scenario 6.C and Part 2",no
HCQ-M6-23,M6,9,Evaluate,SCN,When should you not contact the family first?,Never; always call the family first,Only if the child is over 12,Whenever a child is upset,"If a family member could be involved, the child asks you not to out of fear for their safety, or authorities advise otherwise",D,Follow district policy and CPS or law enforcement guidance.,Disclosure Guide Step 6; Academy Module 6 Step 6,no
HCQ-M7-01,M7,11,Remember,MC,Which are the five principles for every lesson in Module 7?,"Many ways in; no one is singled out; everyone has someone; assume good intentions in families; safety first, always",One way in; call on volunteers; public sharing; family contact; lecture,Speed; volume; testing; ranking; grading,Fear; rules; secrecy; penalty; reward,A,Inclusion never lowers safeguards.,"Academy Module 7, Part 1",no
HCQ-M7-02,M7,11,Apply,SCN,"A child needs to disclose, and a classmate offers to translate. What do you do?",Ask the child to write in English,"Do not use a classmate or sibling; offer a drawing or note in any language, a trusted bilingual adult or an interpreter service",Accept the classmate as interpreter,Delay the conversation,B,Children should not interpret for sensitive conversations.,"Academy Module 7, Part 2",no
HCQ-M7-03,M7,11,Understand,MC,Why does the kit say a bilingual buddy should be a choice and rotate?,So no child becomes the permanent translator or is put on the spot,Because translation is illegal,Because buddies are never helpful,Because it gives extra points,A,"Pairing is a support, not an obligation.","Academy Module 7, Part 2",no
HCQ-M7-04,M7,11,Apply,SCN,A newcomer to the class cannot read an English poster about 'hackles.' What helps?,Ask the student to sit out,"Pictures, gestures and the four hand signals, pre-taught key words, and teaching 'I need help' in home languages, verified by a fluent speaker [VERIFY]",Simplify by removing all safety content,Assign a longer text,B,Hand signals do not depend on English.,"Academy Module 7, Part 2; Scenario 7.A",yes
HCQ-M7-05,M7,11,Understand,MC,What does Module 7 say about low-internet and no-device homes?,Exclude those students from the lesson,Assign online homework anyway,Treat low-device homes as a problem to fix,"Do practice in class, never assign tasks needing a device at home, and remember low-device does not mean low-risk",D,The kit is unplugged by default.,"Academy Module 7, Part 5",no
HCQ-M7-06,M7,11,Remember,MC,Which are the six trauma-informed practices in Module 7?,"Predictability, choice, safety, calm closings, warmth and respect, collaboration","Fear, secrecy, humor, argument, debate, volume","Testing, grading, sorting, ranking, shaming, timing","Speed, surprise, rank, reward, penalty, silence",A,Reactions that look like misbehavior may be coping.,"Academy Module 7, Part 4b",no
HCQ-M7-07,M7,11,Apply,MC,Which phrase helps in a trauma-informed classroom?,'Everyone else can do it.','Just get over it.','Stop being dramatic.','You have choices. Take the time you need. It is okay to pass.',D,The harmful list includes 'You are fine' and 'Why do you always...'.,"Academy Module 7, Part 4b",no
HCQ-M7-08,M7,11,Understand,MC,A student laughs and withdraws during a heavy topic. What does the kit suggest?,Ignore all behavior,"It may be coping; respond with calm and curiosity, then check in privately",Discipline immediately,Call the family at once,B,Reactions that look like misbehavior may be a child coping with a heavy topic.,"Academy Module 7, Part 4b 'Remember'",no
HCQ-M7-09,M7,11,Remember,MC,What does L.E.A.R.N. stand for?,"Look, Explain, Argue, Reply, Notify","Leave, End, Avoid, Refuse, Never","Listen, Empathize, Agree where you can, Respond with facts and options, Next step","Learn, Educate, Assess, Review, Navigate",C,A five-step response to parent pushback.,"Academy Module 7, Part 7",no
HCQ-M7-10,M7,11,Apply,SCN,"A parent says, 'You are putting ideas in their heads.' Which reply fits?",'That is a thoughtful worry. The lessons avoid graphic detail and give children tools; they usually meet these things online already' [VERIFY any research cited],'Our principal decided; I cannot discuss it.',"'You are wrong, and the statistics prove it.'","'Your child will be fine, so do not worry.'",A,"Respond with facts and options, not an argument.","Academy Module 7, Part 7 table",yes
HCQ-M7-11,M7,11,Apply,SCN,"A parent asks, 'Why are you collecting data on my child?' What is the accurate answer for a class using Hackles?",'Hackles itself collects no student accounts or data. Any tally I keep is class-level and follows district policy.','We cannot tell you.','The company stores names for ten years.','We collect everything for research.',A,"Hackles collects no student accounts and no student data; teachers keep paper, local, short-lived tallies per district policy [VERIFY].","Academy Module 7, Part 7; Module 8 Part 1",yes
HCQ-M7-12,M7,11,Analyze,SCN,A family member could be involved in a child's disclosure. Which message to the family is appropriate?,A message copying the child's words,None until you have followed the Disclosure Guide and your policy; do not use a routine concern message,A call to the family before reporting,A warm routine message describing the concern,B,"Sharing news of a concern applies to small, non-urgent matters only.","Academy Module 7, Part 6",no
HCQ-M7-13,M7,11,Understand,MC,What is the counselor's role in Parent Night?,To grade parents,To speak about what to do when a child tells you something hard and to help families pick a code word,To avoid answering questions,To take attendance,B,In the 30-minute script the counselor voice leads 'When your child tells you something hard.',"Parent Night Presentation Script, Section 6",no
HCQ-M7-14,M7,11,Apply,MC,A family wants to opt a child out of a higher-care lesson. What is the kit's approach?,"Thank them; families can opt a child out of specific lessons, and the counselor explains the process and the alternative activity",Make the child do the lesson online,Tell the child's peers,Refuse and require attendance,A,Respect the family and keep the child included in a safe alternative.,"Academy Module 7, Part 7; Principal Checklist Section 7",no
HCQ-M7-15,M7,11,Evaluate,SCN,An angry parent raises their voice during a meeting about the lessons. What should you do?,Match their volume,"Stay calm, set a boundary ('I want to help, and I will continue this when we can talk calmly'), end the conversation, and tell your administrator",Promise to cancel the lessons,Argue the statistics,B,You do not need to absorb abuse.,"Academy Module 7, Part 7 'When it escalates'",no
HCQ-M7-16,M7,11,Understand,MC,What does 'everyone has someone' mean in practice?,Every child must name a parent,Every child must have a phone,"Make sure every child can name a safe adult, and that school helpers count",Every adult must be a counselor,C,"Some children have no safe adult at home, so school helpers matter.","Academy Module 7, Part 1",no
HCQ-M7-17,M7,11,Analyze,MC,"In the Inclusion Audit, which step in a lesson plan should be flagged?",A step with a pass card,A step that uses a hand signal,A step with pictures,"A step that assumes a device, a quiet home, fluent English, fine-motor skills or a grown-up at home",D,Circle it and write one alternative.,"Academy Module 7, Try This Now and Activity 7.1",no
HCQ-M7-18,M7,11,Evaluate,SCN,Which family message best matches the kit?,'This will protect your child from online harm.',"'We teach children skills, not fear. Your child will never be in trouble for telling. Lessons avoid graphic detail and collect no student accounts or data.'",'Your child is at serious risk.',"'The state requires this, so there is no choice.'",B,Three simple messages from Module 7. Avoid promises of prevention and avoid fear.,"Academy Module 7, Part 6",no
HCQ-M8-01,M8,14,Remember,MC,What are Module 8's three questions to ask about teaching?,Is it graded? Is it published? Is it paid?,Did they learn? Would they act? Is it safe to tell?,Was it fun? Was it long? Was it cheap?,Who won? Who lost? Who left?,B,The third is the most important and hardest to measure.,"Academy Module 8, Part 1",no
HCQ-M8-02,M8,14,Remember,MC,What is the Tell-Readiness indicator?,The share of students who give the best answer on the two or three core 'would you tell' items,The number of disclosures a teacher receives,The grade on the final exam,The number of students in class,A,It is the Assessment Pack's most meaningful number. Report it as a change in survey answers.,"Academy Module 8, Part 2; Assessment Pack Section 7",no
HCQ-M8-03,M8,14,Apply,MC,"Pre: 11 of 24 chose the best answer. Post: 17 of 22. What is the change in percentage points, rounded?",About +31 points (46 percent to 77 percent),About +17 points,About +55 points,About +6 points,A,11/24 is about 46 percent and 17/22 is about 77 percent. The kit's honest summary adds that class sizes differed slightly.,"Academy Module 8, Part 3 worked example",no
HCQ-M8-04,M8,14,Apply,MC,Core items pre: 26 of 72; post: 51 of 72. What is the Tell-Readiness change?,"From 36 percent to 71 percent, +35 percentage points",+71 points,+51 points,+25 points,A,26/72 is about 36 percent and 51/72 is about 71 percent.,"Assessment Pack Section 14, Step 3",no
HCQ-M8-05,M8,14,Understand,MC,"Why may disclosures go up after lessons, according to the Assessment Pack?",Because the lessons cause more harm,"Students feel safer to tell, which can be a sign the program is working; more or fewer disclosures does not map neatly to more or less harm",Because the survey is faulty,Because teachers invent them,B,Do not treat an increase in disclosures as a failure.,Assessment Pack Section 13,no
HCQ-M8-06,M8,14,Analyze,MC,Why does the kit say that with 24 students small changes may be noise?,"One child is about 4 percentage points, so small shifts can come from a few students or chance",Surveys are never accurate,Percentages cannot be computed for 24,Statistics require 100 students,A,"Treat results as signals, not proof.","Academy Module 8, Part 3 reasonableness check",no
HCQ-M8-07,M8,14,Evaluate,SCN,Which is the most honest claim for a report?,'Research proves this works.','More of my students said they would tell a trusted adult after the lessons (n = 24 matched pairs; no comparison group).','My lessons prevented abuse.','Our students are now safe from phishing.',B,"Report changes in survey answers, the number of students, and the lack of a comparison group.","Academy Module 8, Honest claims; Assessment Pack Section 14 Step 8",no
HCQ-M8-08,M8,14,Understand,MC,What can a pre/post survey without a comparison group not show?,"Cause, real-world behavior, honest answers under pressure, long-term effects",How many students are in class,Which items were skipped,Whether the survey printed,A,"Changes may reflect maturation, other lessons, news, repeated testing or chance.",Assessment Pack Section 13,no
HCQ-M8-09,M8,14,Remember,MC,"How small a subgroup should you avoid reporting, per the kit?","Fewer than 1,000",Fewer than 100,Any subgroup of any size,"Fewer than about ten students, subject to your district's suppression rule [VERIFY]",D,Small groups may identify individuals.,"Academy Module 8, Part 1; Assessment Pack Step 9",yes
HCQ-M8-10,M8,14,Apply,MC,"Matched pairs: 15 up, 7 same, 2 down among 24. Which statement fits the kit's example?",'Everyone improved.','Two students are failing.','Most students (15 of 24) improved. A few (2) went down. We look at those who did not move and offer more practice.','The program caused improvement in 15 students.',C,Report counts and offer additional practice.,"Assessment Pack Section 14, Step 4",no
HCQ-M8-11,M8,14,Remember,MC,What are the four pieces of the Academy capstone?,Exam; essay; poster; video,Lesson Plan and Micro-Teach Evidence; Response Readiness Pack; Inclusion and Family Pack; Action Plan and Reflection,Quiz; survey; ticket; tally,Letter; chart; form; slide,B,Together they provide evidence for all six competencies.,"Academy Module 8, Part 7",no
HCQ-M8-12,M8,14,Remember,MC,What does the Academy require for Hackles-Ready on the capstone rubric?,Any three rows at 2,Row A only,"At least five of six rows at 3 or above, no row at 1, and Row E (Respond) at 3 or above",All rows at 4,C,Row E must be at least Hackles-Ready because response readiness is the most important competency for child safety.,"Academy_Assessments, Section 6",no
HCQ-M8-13,M8,14,Apply,SCN,Scores on the post survey went down. What does Scenario 8.A suggest?,Hide the results,Blame the students,Drop the program,"Look at the answers before panicking; students may be more honest after learning, or the post survey may be harder; ask students safely what would make telling easier",D,A drop can occur by chance and is worth examining only if it appears across several classes.,"Academy Module 8, Scenario 8.A; Assessment Pack Step 6",no
HCQ-M8-14,M8,14,Evaluate,SCN,"A principal says, 'Our measures say we are great, so we are done.' What is the best reply?","Thank them, note the limits of surveys (no comparison group, self-report), and continue with glow-and-grow, delayed post surveys and observation",Say all measures are useless,Publish a claim of effectiveness,Agree and stop measuring,A,Measures are signals for improvement. The Assessment Pack lists optional improvements such as a delayed post and a comparison group.,"Academy Module 8, Scenario 8.B; Assessment Pack Step 7",no
HCQ-M8-15,M8,14,Understand,MC,What is the purpose of the teach-back?,To record the presenter,To check understanding and spread learning: you explain in your own words and the listener asks questions,To test the listener for mistakes,To grade the instructor,B,"It works for children, colleagues and families.","Academy Module 8, Part 5",no
HCQ-M8-16,M8,14,Evaluate,SCN,A teacher plans to add a survey item asking students whether they have ever been bullied online. What does the kit say?,It is fine if no names are used,It is fine if anonymous,"Keep student surveys to knowledge, skills and confidence; items about a student's own experiences can fall under PPRA protected areas and need counsel, parental review and consent [COUNSEL TO CONFIRM]",It is fine if the teacher gives it in class,C,The kit warns that a survey on protected areas given by a school official is treated as required and needs written parental consent; an opt-out is not enough [VERIFIED 2026-10-05; re-verify].,"Assessment Pack, opening note and Section 6B",yes
