class_id,condition,wave,student_code,q1,q2,q3,q4,q5,q6,q7,q8,q9,q10,q11
1,taught_first,pre,S001,1,1,1,3,2,0,1,1,1,4,3
1,taught_first,post,S001,1,1,1,3,4,1,2,1,1,7,4
1,taught_first,pre,S002,0,1,1,1,2,0,0,0,0,4,1
1,taught_first,post,S002,0,1,1,3,3,0,1,1,0,3,3
1,taught_first,pre,S003,1,1,0,3,4,0,1,0,,7,3
1,taught_first,post,S003,1,,0,4,2,1,2,1,1,5,3
1,taught_first,pre,S004,1,1,1,,2,1,1,,1,3,3
1,taught_first,post,S004,1,1,1,4,2,1,2,0,1,7,4
1,taught_first,pre,S005,1,0,1,3,3,0,1,1,1,8,4
1,taught_first,post,S005,1,1,0,3,4,1,2,,0,5,4
1,taught_first,pre,S006,1,1,0,,1,1,1,1,0,5,2
1,taught_first,post,S006,1,1,0,3,2,0,2,1,1,5,
1,taught_first,pre,S007,1,1,1,2,3,1,2,1,0,5,3
1,taught_first,pre,S008,1,1,0,2,3,1,2,0,1,7,1
1,taught_first,pre,S009,1,0,0,1,2,0,0,0,0,7,3
1,taught_first,post,S009,1,1,1,3,2,1,1,1,1,5,3
1,taught_first,pre,S010,1,0,1,2,4,1,2,1,1,5,3
1,taught_first,post,S010,1,1,0,4,3,1,2,1,1,8,4
1,taught_first,pre,S011,1,0,0,2,4,0,0,1,,4,3
1,taught_first,post,S011,1,1,1,3,1,0,2,1,0,8,3
1,taught_first,pre,S012,1,1,1,3,1,1,2,1,,6,2
1,taught_first,post,S012,1,1,0,4,2,0,2,1,1,7,2
1,taught_first,pre,S013,1,1,0,,3,0,1,0,0,3,3
1,taught_first,post,S013,1,1,0,3,2,,2,0,1,6,1
1,taught_first,pre,S014,1,,1,2,1,0,1,0,0,6,1
1,taught_first,post,S014,1,1,1,3,3,1,1,1,1,7,
1,taught_first,pre,S015,1,0,0,3,1,1,0,0,1,2,3
1,taught_first,post,S015,0,1,1,4,4,1,2,0,1,5,3
1,taught_first,pre,S016,0,1,1,3,4,0,0,1,,7,3
1,taught_first,post,S016,1,1,1,3,2,1,2,1,1,8,4
1,taught_first,pre,S017,0,1,1,2,3,1,1,1,0,,4
1,taught_first,post,S017,1,1,1,2,2,1,2,1,1,4,3
1,taught_first,pre,S018,0,,0,2,2,1,0,0,0,7,1
1,taught_first,post,S018,1,0,0,1,1,1,,0,0,5,4
1,taught_first,pre,S019,0,,1,2,,0,0,0,0,7,2
1,taught_first,post,S019,1,1,0,3,4,1,2,1,0,7,3
1,taught_first,pre,S020,0,0,0,1,1,0,0,0,0,4,
1,taught_first,post,S020,0,0,0,1,1,0,0,0,0,4,2
2,taught_first,pre,S021,0,1,0,1,2,0,2,1,0,6,2
2,taught_first,post,S021,0,1,0,3,3,1,2,1,1,8,3
2,taught_first,pre,S022,0,0,0,1,1,0,0,0,0,2,2
2,taught_first,post,S022,0,1,0,2,2,0,1,0,0,9,2
2,taught_first,pre,S023,1,1,1,2,3,0,1,1,1,7,2
2,taught_first,pre,S024,0,1,1,2,3,0,1,1,1,2,2
2,taught_first,post,S024,0,0,0,3,3,1,2,1,1,3,
2,taught_first,pre,S025,1,1,,3,4,0,1,1,1,3,3
2,taught_first,pre,S026,0,1,1,2,3,0,1,0,0,7,2
2,taught_first,post,S026,1,1,0,3,4,1,2,1,1,6,2
2,taught_first,pre,S027,1,,1,4,3,1,1,1,0,4,2
2,taught_first,pre,X028_pre,0,0,0,1,1,0,0,1,0,4,2
2,taught_first,post,X028_post,0,0,1,2,1,1,1,0,1,8,2
2,taught_first,pre,S029,0,,1,3,2,0,1,1,0,3,2
2,taught_first,post,S029,1,1,0,3,3,1,0,,1,4,4
2,taught_first,pre,S030,0,,0,2,2,1,1,,1,6,1
2,taught_first,post,S030,1,1,1,2,3,1,2,1,0,5,3
2,taught_first,pre,S031,,1,1,3,3,1,1,1,0,4,3
2,taught_first,post,S031,1,,,2,3,1,1,,1,,2
2,taught_first,pre,S032,0,1,1,1,2,0,2,0,0,4,2
2,taught_first,post,S032,1,0,1,1,1,0,1,0,1,4,1
2,taught_first,pre,S033,,0,0,2,1,0,0,0,0,6,1
2,taught_first,post,S033,0,1,0,,1,0,1,0,1,5,1
2,taught_first,pre,S034,1,1,0,3,2,,1,1,0,8,1
2,taught_first,post,S034,1,1,0,3,,0,2,1,,8,2
2,taught_first,pre,S035,1,1,1,3,4,1,2,1,0,7,4
2,taught_first,post,S035,1,1,1,,4,1,2,1,1,6,4
2,taught_first,pre,S036,1,0,0,2,1,0,1,0,1,2,2
2,taught_first,post,S036,,,0,4,2,1,2,0,0,8,
2,taught_first,pre,S037,1,1,0,1,3,,,0,0,2,3
2,taught_first,pre,S038,1,1,0,2,1,0,0,0,0,7,2
2,taught_first,post,S038,0,1,0,1,1,0,1,1,0,5,1
2,taught_first,pre,S039,1,,0,3,2,1,2,0,1,7,2
2,taught_first,post,S039,0,1,1,4,3,1,2,1,0,5,4
2,taught_first,pre,S040,1,1,1,3,3,0,1,1,1,7,3
2,taught_first,post,S040,1,1,1,4,3,,2,1,1,9,4
3,taught_first,pre,S041,0,1,1,1,3,0,1,1,1,4,2
3,taught_first,post,S041,1,1,1,4,4,1,1,0,1,7,2
3,taught_first,pre,S042,1,1,0,4,2,1,2,,0,8,3
3,taught_first,post,S042,1,1,1,4,4,1,2,,1,4,4
3,taught_first,pre,S043,0,1,1,3,4,1,2,1,0,6,3
3,taught_first,post,S043,1,1,1,4,4,1,2,1,1,9,4
3,taught_first,pre,S044,1,,1,4,3,0,2,1,1,5,4
3,taught_first,post,S044,1,1,1,2,3,1,2,1,1,8,2
3,taught_first,pre,S045,1,1,0,2,3,1,1,1,,7,2
3,taught_first,post,S045,1,,1,4,3,1,2,1,,6,3
3,taught_first,pre,S046,0,0,0,2,2,0,1,0,0,5,2
3,taught_first,post,S046,0,1,0,3,4,1,2,0,1,5,1
3,taught_first,pre,S047,0,1,1,2,2,1,2,1,0,6,4
3,taught_first,post,S047,1,1,0,4,3,1,2,1,0,8,4
3,taught_first,pre,S048,1,1,0,3,,0,1,1,0,6,4
3,taught_first,post,S048,1,1,1,4,4,1,2,1,,7,3
3,taught_first,pre,S049,0,0,0,1,1,0,0,1,0,4,1
3,taught_first,post,S049,,0,1,3,3,1,1,1,0,6,1
3,taught_first,pre,S050,1,1,1,4,2,1,2,0,0,3,4
3,taught_first,post,S050,0,1,1,4,4,1,2,1,0,7,4
3,taught_first,pre,X051_pre,1,,1,3,2,0,2,0,0,7,3
3,taught_first,post,X051_post,1,1,1,4,4,0,2,1,1,8,4
3,taught_first,pre,S052,1,1,0,2,3,0,0,0,0,3,2
3,taught_first,post,S052,1,1,0,3,2,1,2,0,1,4,
3,taught_first,pre,S053,1,1,1,4,4,1,2,1,0,,3
3,taught_first,post,S053,0,1,1,4,4,1,2,1,1,10,4
3,taught_first,pre,S054,0,0,0,2,2,0,0,0,0,4,3
3,taught_first,post,S054,0,0,1,2,3,,0,1,0,4,1
3,taught_first,pre,S055,0,1,,2,3,0,1,1,1,9,3
3,taught_first,post,S055,1,1,1,3,3,1,2,1,0,6,4
3,taught_first,pre,S056,1,1,1,2,3,1,1,0,1,0,2
3,taught_first,post,S056,1,1,0,4,2,1,2,0,1,3,2
3,taught_first,pre,S057,0,1,0,2,1,1,1,0,1,4,1
3,taught_first,post,S057,1,1,1,3,3,1,2,1,1,6,4
3,taught_first,pre,S058,1,1,0,4,,,1,1,0,7,4
3,taught_first,post,S058,1,1,1,2,4,1,2,1,0,4,3
3,taught_first,pre,S059,0,0,1,2,1,0,1,0,0,7,1
3,taught_first,pre,S060,1,1,1,,3,1,1,0,1,3,
3,taught_first,post,S060,1,1,1,4,4,1,2,1,1,8,3
3,taught_first,pre,S061,1,1,1,2,2,1,1,0,0,3,2
3,taught_first,post,S061,0,1,0,2,,1,2,1,1,3,3
3,taught_first,pre,S062,,1,0,4,2,0,2,1,1,5,2
3,taught_first,post,S062,1,1,1,3,2,0,2,1,0,5,3
3,taught_first,pre,S063,0,1,0,3,1,0,2,1,1,6,3
3,taught_first,post,S063,1,1,1,1,4,0,0,1,1,0,3
4,taught_first,pre,X064_pre,0,,0,,1,0,0,0,0,2,2
4,taught_first,post,X064_post,1,1,0,1,2,1,1,1,1,6,2
4,taught_first,pre,S065,1,1,1,4,4,1,1,1,,5,2
4,taught_first,pre,S066,1,1,0,1,,1,2,1,1,7,1
4,taught_first,post,S066,,1,1,2,,0,2,1,1,7,3
4,taught_first,pre,X067_pre,0,1,1,4,3,1,,1,1,6,4
4,taught_first,post,X067_post,0,1,1,3,4,1,2,1,1,,3
4,taught_first,pre,S068,0,1,0,2,2,0,1,1,0,5,3
4,taught_first,post,S068,1,1,1,2,,1,2,0,1,6,2
4,taught_first,pre,S069,0,1,1,3,3,0,1,1,0,6,3
4,taught_first,post,S069,1,1,1,3,4,1,1,1,0,5,4
4,taught_first,pre,S070,0,0,1,2,3,0,0,1,0,9,3
4,taught_first,post,S070,1,1,0,2,2,1,2,0,1,7,4
4,taught_first,pre,S071,1,1,1,2,4,0,2,1,0,7,3
4,taught_first,post,S071,1,1,1,4,4,1,2,0,1,6,3
4,taught_first,pre,S072,0,1,1,2,1,0,1,0,0,2,2
4,taught_first,pre,S073,1,0,0,,2,1,,0,0,7,3
4,taught_first,post,S073,1,1,0,4,3,1,2,1,1,3,4
4,taught_first,pre,S074,1,0,0,2,3,1,1,0,1,3,4
4,taught_first,post,S074,0,1,0,3,3,0,2,1,1,5,3
4,taught_first,pre,S075,1,1,0,1,1,0,0,0,1,5,3
4,taught_first,post,S075,,1,1,1,2,0,1,0,0,7,2
4,taught_first,pre,S076,1,1,0,2,2,1,1,0,0,6,3
4,taught_first,post,S076,1,1,,4,4,0,2,1,1,8,4
4,taught_first,pre,S077,0,1,0,1,2,0,,0,0,2,1
4,taught_first,post,S077,1,1,0,2,1,,0,1,0,4,1
4,taught_first,pre,S078,1,1,1,1,,1,1,1,0,7,1
4,taught_first,post,S078,1,1,1,4,4,1,2,,1,8,4
4,taught_first,pre,S079,1,1,1,2,4,1,2,0,1,5,4
4,taught_first,post,S079,1,1,1,4,,1,2,1,1,10,4
4,taught_first,pre,S080,0,0,1,4,4,0,2,0,1,6,
4,taught_first,post,S080,1,1,1,3,,1,2,1,1,4,4
4,taught_first,pre,X081_pre,0,0,1,4,4,1,1,1,0,7,2
4,taught_first,post,X081_post,1,1,0,3,3,1,0,0,1,6,4
4,taught_first,pre,S082,1,1,0,2,2,1,,1,0,8,4
4,taught_first,post,S082,1,1,1,2,4,0,2,1,0,6,3
4,taught_first,pre,S083,1,1,1,4,3,1,1,0,1,5,
4,taught_first,post,S083,0,1,1,4,,1,2,0,1,5,4
4,taught_first,pre,S084,0,1,1,2,1,1,1,0,1,7,2
4,taught_first,post,S084,1,1,1,4,2,1,2,1,0,4,3
4,taught_first,pre,S085,0,1,0,4,3,1,1,1,0,5,1
4,taught_first,post,S085,1,1,1,3,3,1,2,1,0,7,3
4,taught_first,pre,X086_pre,0,0,0,1,2,1,0,1,0,,3
4,taught_first,post,X086_post,1,1,1,2,3,1,2,0,0,1,2
5,delayed,pre,S087,1,0,1,3,1,1,2,1,1,3,3
5,delayed,post,S087,1,1,1,4,4,1,2,1,0,4,3
5,delayed,pre,S088,1,1,1,2,3,0,0,0,0,5,3
5,delayed,post,S088,0,1,1,1,2,0,0,0,1,5,2
5,delayed,pre,S089,1,1,1,4,3,1,2,1,1,7,3
5,delayed,post,S089,1,1,,3,4,1,2,1,1,7,4
5,delayed,pre,S090,0,1,0,3,2,0,2,1,0,,1
5,delayed,post,S090,0,0,0,1,4,1,1,0,1,9,4
5,delayed,pre,S091,1,1,0,2,1,0,0,1,1,5,
5,delayed,post,S091,1,1,0,2,3,0,0,1,0,7,2
5,delayed,pre,S092,1,1,,4,1,1,0,1,0,4,2
5,delayed,post,S092,0,1,0,2,2,1,2,0,0,6,1
5,delayed,pre,S093,0,1,0,2,1,0,0,0,0,3,2
5,delayed,pre,S094,1,1,0,4,4,1,2,1,0,2,4
5,delayed,post,S094,1,1,1,3,3,1,2,1,1,6,3
5,delayed,pre,S095,1,1,1,4,3,1,1,1,1,9,3
5,delayed,post,S095,1,1,1,3,3,0,2,1,0,9,4
5,delayed,pre,X096_pre,1,1,1,2,2,1,2,0,0,,3
5,delayed,post,X096_post,1,0,1,3,2,0,2,1,0,6,1
5,delayed,pre,S097,1,1,0,2,2,0,2,0,1,4,4
5,delayed,post,S097,0,1,,2,3,1,2,0,0,7,2
5,delayed,pre,S098,1,0,0,3,3,0,2,0,1,6,1
5,delayed,post,S098,0,0,0,2,,0,2,1,1,5,4
5,delayed,pre,S099,,1,1,2,1,0,2,0,0,7,2
5,delayed,post,S099,,0,1,1,4,0,1,0,0,,2
5,delayed,pre,S100,0,1,1,2,1,0,2,0,1,5,3
5,delayed,post,S100,1,1,1,2,2,0,1,1,0,5,1
5,delayed,pre,S101,1,1,0,2,3,0,2,1,0,6,3
5,delayed,post,S101,1,1,1,3,3,1,2,0,0,6,2
5,delayed,pre,S102,1,1,0,4,3,1,2,1,1,10,4
5,delayed,post,S102,1,1,1,,4,0,2,1,1,4,4
5,delayed,pre,S103,1,1,1,3,2,0,0,0,0,3,3
5,delayed,post,S103,,1,1,3,3,0,0,1,1,5,2
5,delayed,pre,S104,0,0,0,1,1,0,0,0,,1,2
5,delayed,post,S104,0,1,0,2,2,0,0,0,,7,2
5,delayed,pre,S105,1,1,1,1,3,1,2,1,0,5,3
5,delayed,post,S105,1,1,0,3,2,0,1,0,0,8,4
5,delayed,pre,X106_pre,1,1,,4,4,1,2,1,1,8,4
5,delayed,post,X106_post,1,1,1,4,4,0,2,1,1,5,3
5,delayed,pre,S107,1,1,0,2,3,1,1,0,0,6,1
5,delayed,post,S107,1,1,1,3,2,0,1,1,0,8,1
5,delayed,pre,S108,0,1,1,2,4,1,2,0,1,6,4
5,delayed,post,S108,1,1,0,3,3,1,2,1,0,6,2
5,delayed,pre,S109,1,0,,4,4,0,2,0,1,5,4
5,delayed,post,S109,0,1,1,3,4,1,2,1,0,5,3
6,delayed,pre,S110,0,0,0,1,1,0,1,0,0,3,1
6,delayed,post,S110,0,0,0,2,,0,1,0,1,1,2
6,delayed,pre,S111,1,0,0,1,2,1,1,1,1,5,2
6,delayed,post,S111,1,0,0,3,2,0,2,0,0,6,2
6,delayed,pre,S112,0,0,0,1,1,1,0,0,0,7,1
6,delayed,post,S112,1,0,0,2,1,0,0,1,0,7,1
6,delayed,pre,S113,1,1,1,1,1,1,2,,0,5,3
6,delayed,post,S113,1,1,1,3,1,0,2,1,1,4,3
6,delayed,pre,S114,1,1,0,4,3,1,2,,1,9,3
6,delayed,post,S114,0,0,1,4,2,0,2,0,1,4,4
6,delayed,pre,S115,0,0,0,1,1,0,0,0,0,0,2
6,delayed,post,S115,,0,0,1,1,0,0,0,0,6,1
6,delayed,pre,S116,1,0,0,1,1,0,0,0,0,4,1
6,delayed,post,S116,0,0,0,,1,0,0,,0,5,1
6,delayed,pre,S117,1,,0,2,1,0,2,0,1,7,
6,delayed,post,S117,0,0,0,2,1,1,2,1,1,5,4
6,delayed,pre,S118,1,1,0,3,2,0,2,0,,5,4
6,delayed,post,S118,0,1,1,3,4,1,1,1,1,6,4
6,delayed,pre,S119,1,0,0,2,1,0,1,1,0,6,1
6,delayed,post,S119,1,1,1,2,2,1,2,0,1,6,3
6,delayed,pre,S120,,0,0,1,2,0,1,1,0,6,2
6,delayed,post,S120,1,0,0,1,3,0,0,0,,7,1
6,delayed,pre,S121,0,1,0,2,2,0,1,,0,4,1
6,delayed,post,S121,1,0,1,1,2,1,0,0,,3,1
6,delayed,pre,S122,0,1,0,2,1,1,1,,1,6,3
6,delayed,post,S122,1,0,0,2,2,1,1,0,1,6,2
6,delayed,pre,S123,1,1,1,1,2,0,1,0,0,5,1
6,delayed,post,S123,0,0,0,2,2,0,0,1,0,2,1
6,delayed,pre,S124,1,1,1,3,4,0,1,1,0,4,4
6,delayed,post,S124,1,1,1,3,2,,2,1,1,8,2
6,delayed,pre,S125,0,0,0,1,1,0,0,0,0,4,1
6,delayed,pre,S126,1,1,0,2,4,1,2,1,1,6,3
6,delayed,post,S126,0,1,1,2,2,0,1,1,1,3,3
6,delayed,pre,S127,1,0,0,3,1,0,,0,1,4,1
6,delayed,post,S127,,1,0,2,1,0,2,1,0,5,2
7,delayed,pre,S128,1,1,1,3,2,1,1,1,0,6,3
7,delayed,post,S128,0,1,1,3,4,1,1,1,0,4,2
7,delayed,pre,S129,0,1,0,2,4,0,2,1,,,2
7,delayed,post,S129,1,1,1,4,2,1,2,1,0,3,3
7,delayed,pre,S130,0,1,0,2,1,1,1,0,0,5,3
7,delayed,post,S130,0,1,0,2,3,1,1,1,1,4,3
7,delayed,pre,S131,1,1,,3,3,0,1,,1,6,3
7,delayed,post,S131,1,0,1,2,2,1,2,0,0,5,2
7,delayed,pre,S132,1,1,0,,3,0,2,1,1,5,3
7,delayed,post,S132,1,1,1,3,4,1,2,1,1,9,4
7,delayed,pre,S133,0,0,1,2,2,0,2,1,0,6,3
7,delayed,post,S133,1,1,,4,3,0,2,1,0,7,4
7,delayed,pre,S134,0,0,0,3,2,1,2,0,1,6,
7,delayed,post,S134,1,1,1,1,3,1,2,1,0,4,2
7,delayed,pre,S135,1,0,0,2,1,0,0,1,0,5,2
7,delayed,post,S135,0,1,0,1,3,0,1,,0,6,2
7,delayed,pre,S136,0,1,0,3,,1,1,1,0,5,2
7,delayed,post,S136,1,1,,2,4,1,1,1,0,5,2
7,delayed,pre,S137,1,1,1,4,4,1,2,1,0,5,3
7,delayed,post,S137,1,1,1,3,3,0,2,1,1,5,4
7,delayed,pre,S138,1,1,1,4,3,1,0,0,0,3,4
7,delayed,post,S138,1,1,0,2,3,0,1,0,0,4,3
7,delayed,pre,S139,1,1,1,4,3,1,2,,1,4,4
7,delayed,post,S139,,1,0,4,3,1,2,1,1,3,4
7,delayed,pre,S140,1,0,1,2,4,0,1,1,0,2,2
7,delayed,post,S140,0,0,1,4,3,,1,0,0,2,3
7,delayed,pre,S141,1,1,0,2,1,0,1,0,0,1,2
7,delayed,post,S141,1,1,0,2,2,0,0,0,0,6,1
7,delayed,pre,S142,1,,1,2,2,,2,1,0,5,2
7,delayed,post,S142,1,1,1,3,2,0,1,0,1,4,2
7,delayed,pre,S143,1,,,4,2,0,2,1,0,7,1
7,delayed,post,S143,1,,1,2,3,1,1,,1,5,2
7,delayed,pre,S144,1,,0,4,3,1,2,1,0,6,4
7,delayed,post,S144,1,1,0,4,3,0,2,,0,6,3
7,delayed,pre,S145,0,1,1,3,3,1,,0,0,3,3
7,delayed,post,S145,0,1,1,3,3,0,2,1,1,4,
7,delayed,pre,S146,0,1,0,1,2,0,1,0,0,8,2
7,delayed,post,S146,0,1,0,1,3,0,1,0,0,,3
7,delayed,pre,S147,1,1,1,4,3,0,2,1,0,5,2
7,delayed,post,S147,1,0,1,2,3,1,2,1,1,3,4
7,delayed,pre,S148,0,1,1,4,4,1,2,1,1,5,4
7,delayed,post,S148,1,1,1,4,3,1,2,1,0,7,3
7,delayed,pre,S149,0,1,0,4,3,1,2,1,,6,3
7,delayed,post,S149,1,1,0,3,1,1,2,1,0,,4
7,delayed,pre,S150,0,0,0,1,1,1,0,0,0,3,2
7,delayed,post,S150,1,1,0,1,1,0,1,0,0,5,1
7,delayed,pre,S151,1,1,1,3,4,1,2,1,1,6,4
7,delayed,post,S151,1,1,1,3,,,2,1,1,8,4
7,delayed,pre,S152,1,0,0,3,1,0,,0,0,7,2
7,delayed,post,S152,1,1,0,2,2,,2,1,0,4,3
8,delayed,pre,S153,1,1,1,3,3,1,2,1,0,10,4
8,delayed,post,S153,1,,0,3,3,,2,0,0,5,4
8,delayed,pre,S154,1,0,0,2,3,0,0,0,1,3,3
8,delayed,post,S154,0,0,0,2,3,0,0,0,0,3,1
8,delayed,pre,S155,0,1,0,1,1,0,0,0,0,8,2
8,delayed,post,S155,1,1,0,3,2,1,0,0,0,2,3
8,delayed,pre,X156_pre,1,1,0,2,3,1,0,1,0,6,2
8,delayed,pre,S157,1,1,1,2,3,0,0,0,1,5,2
8,delayed,post,S157,1,1,0,3,1,1,2,1,0,7,2
8,delayed,pre,S158,0,0,1,,1,0,,0,0,7,1
8,delayed,post,S158,0,0,0,,2,0,0,0,0,2,1
8,delayed,pre,S159,1,0,0,3,2,0,1,,0,3,2
8,delayed,post,S159,1,0,0,3,1,0,1,0,0,3,3
8,delayed,pre,S160,1,,1,,2,0,2,1,0,8,4
8,delayed,post,S160,1,1,1,3,2,1,2,0,1,6,3
8,delayed,pre,S161,0,1,1,2,2,0,0,1,0,6,2
8,delayed,post,S161,1,1,1,2,4,1,1,1,0,6,2
8,delayed,pre,S162,1,0,1,1,2,0,2,0,0,6,3
8,delayed,post,S162,1,1,1,1,1,0,,1,0,5,3
8,delayed,pre,S163,0,0,0,1,1,0,0,0,0,4,1
8,delayed,post,S163,0,0,1,1,2,0,0,0,0,6,1
8,delayed,pre,S164,0,1,0,1,2,0,1,1,0,,2
8,delayed,post,S164,0,1,0,1,2,1,1,0,0,3,1
8,delayed,pre,S165,1,1,0,3,2,0,0,1,1,6,1
8,delayed,post,S165,1,1,0,1,3,0,0,0,1,7,3
8,delayed,pre,S166,1,1,1,3,4,1,1,0,0,7,
8,delayed,pre,S167,1,1,1,2,3,0,1,0,1,7,2
8,delayed,post,S167,0,0,0,2,2,0,0,0,0,4,3
8,delayed,pre,S168,1,1,1,3,2,0,2,,1,5,2
8,delayed,post,S168,1,1,1,1,3,0,2,,0,4,3
8,delayed,pre,S169,0,0,0,2,2,0,0,0,0,5,1
8,delayed,post,S169,1,1,0,2,2,0,1,0,0,7,1
8,delayed,pre,S170,1,1,1,3,3,1,2,1,,8,3
8,delayed,post,S170,1,1,1,3,2,0,1,1,1,,4
8,delayed,pre,S171,1,1,1,4,1,1,2,1,1,8,3
8,delayed,post,S171,1,,1,4,3,,2,1,1,9,3
8,delayed,pre,S172,0,0,0,2,2,1,0,0,0,3,2
8,delayed,post,S172,0,0,1,1,2,0,1,1,0,4,4
8,delayed,pre,S173,1,1,0,2,1,0,0,0,0,3,3
8,delayed,post,S173,1,0,1,2,,1,0,0,1,6,3
8,delayed,pre,S174,1,0,1,2,2,1,0,0,1,4,3
8,delayed,post,S174,0,0,0,2,2,1,1,0,0,6,
8,delayed,pre,S175,1,1,0,1,1,0,0,1,1,5,2
8,delayed,post,S175,1,,1,2,1,1,2,0,,5,2
8,delayed,pre,S176,1,1,1,3,4,1,2,,1,10,4
8,delayed,post,S176,1,1,0,2,4,,1,1,1,9,4
8,delayed,pre,S177,,0,0,2,2,0,1,0,0,4,1
8,delayed,post,S177,0,1,1,2,2,0,2,1,1,5,4
