candidate_id,section,wave,a1,a2,a3,a4,a5,a6,a7,a8,a9,a10,a11,a12,a13,a14,a15,a16,a17,a18,b19,b20,b21,k1,k2,k3,k4,k5
C01,A,pre,1,2,1,2,2,2,1,1,1,1,1,1,2,2,2,1,2,2,1,3,2,0,0,0,1,0
C01,A,post,3,1,2,1,2,2,2,2,3,2,2,3,3,1,2,2,2,3,2,3,4,1,0,0,0,0
C02,A,pre,2,2,3,3,3,3,3,3,3,2,3,2,1,2,3,3,3,3,1,3,2,0,1,0,0,0
C02,A,post,3,3,2,3,3,3,3,3,3,3,4,3,3,4,3,4,4,3,4,4,3,1,1,1,1,0
C03,A,pre,3,4,3,2,5,3,4,4,3,3,3,4,3,3,3,3,3,3,3,4,3,1,0,1,0,1
C03,A,post,4,4,3,4,4,3,4,3,3,3,4,4,3,4,5,3,3,4,4,2,3,1,1,1,0,1
C04,A,pre,3,3,3,4,3,2,2,3,4,1,2,3,2,3,2,4,2,3,4,2,2,1,1,1,0,0
C04,A,post,1,2,3,2,1,1,4,3,2,3,2,3,2,2,2,2,3,3,3,3,3,1,1,0,1,0
C05,A,pre,4,3,3,3,4,4,2,3,4,3,3,3,3,3,3,4,3,3,5,3,4,1,0,0,0,1
C05,A,post,3,4,3,4,4,4,4,5,3,5,4,5,5,4,4,4,4,4,3,5,4,1,1,1,1,0
C06,A,pre,1,2,2,2,1,2,2,2,1,2,2,2,1,2,2,2,3,2,3,4,1,0,0,0,0,1
C06,A,post,2,3,3,3,3,2,2,3,4,2,3,2,4,3,3,3,3,4,3,3,3,1,1,1,1,0
C07,A,pre,3,1,3,5,2,4,4,2,3,5,1,3,3,4,2,2,4,3,4,4,3,1,1,0,1,1
C07,A,post,3,3,3,4,4,4,3,3,4,3,4,4,3,4,4,2,4,4,3,4,2,0,1,1,0,1
C08,A,pre,2,4,2,2,2,2,2,3,2,1,2,2,2,2,3,2,2,2,4,3,4,1,0,1,1,0
C08,A,post,3,2,4,4,4,5,3,3,3,3,2,3,1,3,5,4,2,3,4,2,3,0,1,0,0,1
C09,A,pre,3,2,1,2,2,2,2,2,2,1,2,3,2,2,2,1,2,4,2,3,3,0,0,0,0,1
C09,A,post,4,2,1,3,2,4,2,4,2,3,2,3,1,1,3,4,2,3,4,4,3,1,0,1,1,0
C10,A,pre,3,3,3,2,3,3,3,2,3,2,2,3,2,3,4,4,3,3,3,1,3,1,1,0,1,1
C10,A,post,4,4,3,3,3,5,4,4,5,4,3,4,4,4,4,5,4,4,5,5,4,1,1,1,0,1
C11,A,pre,3,2,2,1,1,3,3,3,2,2,1,3,2,2,3,2,2,3,2,3,2,1,1,0,1,1
C11,A,post,2,4,3,1,2,3,2,4,2,2,3,4,3,3,3,2,3,3,4,2,4,1,1,1,1,1
C12,A,pre,2,2,3,2,4,2,3,3,3,2,1,2,2,2,2,3,2,3,3,3,3,0,1,0,1,1
C12,A,post,3,3,2,3,1,3,3,3,3,3,3,3,3,4,3,2,3,3,4,3,2,0,0,0,1,0
C13,A,pre,2,2,3,2,2,3,3,2,2,3,3,2,2,1,3,2,2,2,2,5,3,0,0,1,0,0
C13,A,post,3,3,3,3,3,3,3,5,4,2,4,3,2,4,4,3,3,3,3,4,2,1,1,0,1,1
C14,A,pre,3,3,2,1,2,1,2,2,3,2,1,1,2,1,4,3,2,2,2,2,1,1,1,1,0,0
C14,A,post,3,3,2,2,3,2,3,3,3,3,3,3,3,2,1,2,1,1,2,2,3,1,0,1,1,0
C15,A,pre,3,2,4,3,4,3,4,3,2,3,3,3,4,4,4,4,4,3,3,3,4,1,0,0,0,1
C15,A,post,4,5,4,3,3,3,4,4,4,5,3,5,3,5,4,3,4,4,5,5,4,0,1,1,1,1
C16,A,pre,2,3,3,3,2,3,4,1,3,3,3,1,3,2,2,3,4,4,3,2,2,0,0,1,0,0
C16,A,post,1,2,3,3,2,3,2,2,3,3,2,2,1,3,2,3,3,2,4,3,4,1,0,1,0,1
C17,A,pre,2,4,3,3,3,3,3,3,2,3,3,3,2,4,4,3,2,2,3,3,5,1,1,0,0,0
C17,A,post,2,4,3,4,3,4,4,3,3,4,4,3,4,3,3,3,2,4,4,4,2,1,1,1,1,1
C18,A,pre,2,3,3,3,3,2,3,2,2,1,2,1,2,2,2,3,3,1,2,4,3,0,0,1,0,0
C18,A,post,3,5,3,3,3,4,4,3,2,3,4,3,2,2,2,3,2,2,3,3,4,1,1,0,1,1
C19,B,pre,1,2,2,1,2,1,2,2,2,2,1,2,3,2,1,3,2,1,1,2,1,0,1,1,0,0
C19,B,post,3,4,3,2,3,3,2,4,4,4,2,3,4,3,3,3,3,3,3,3,4,1,1,0,1,1
C20,B,pre,2,3,2,2,2,1,2,2,2,2,2,3,2,2,2,2,3,3,4,3,4,1,1,1,0,0
C20,B,post,2,3,3,4,3,3,3,2,3,2,2,4,4,2,2,3,4,3,5,3,3,0,1,1,1,0
C21,B,pre,3,3,3,4,2,3,3,3,3,2,2,3,1,3,3,3,3,4,2,2,4,0,0,1,0,0
C21,B,post,4,3,3,4,2,3,3,5,4,3,3,4,4,3,4,3,3,5,4,3,3,1,1,1,1,1
C22,B,pre,3,3,3,4,1,2,3,2,1,2,1,2,4,2,2,2,3,3,2,3,2,0,0,0,1,0
C22,B,post,3,3,3,3,4,4,3,4,3,3,3,4,5,3,4,3,3,2,5,2,4,1,0,1,1,0
C23,B,pre,3,3,4,3,2,5,5,3,4,3,4,4,4,3,3,4,4,3,4,5,5,1,1,0,1,0
C23,B,post,4,5,5,5,4,5,5,4,4,4,5,3,4,5,4,5,5,4,4,4,4,1,1,1,1,1
C24,B,pre,2,3,4,3,2,3,4,3,3,2,2,3,4,3,3,2,4,4,4,3,3,1,1,1,1,1
C24,B,post,5,3,4,5,5,3,5,5,4,4,4,4,5,5,4,5,4,5,3,3,3,1,1,1,1,1
C25,B,pre,3,3,3,4,3,2,2,3,3,3,3,3,2,3,1,2,3,3,3,5,3,1,0,1,0,0
C25,B,post,3,3,4,3,3,4,4,4,4,2,3,5,4,4,4,5,3,4,4,2,5,1,1,1,1,1
C26,B,pre,1,2,3,1,2,2,2,3,2,2,3,3,3,3,2,1,3,3,4,3,2,0,1,0,0,1
C26,B,post,2,3,3,3,3,2,3,4,1,3,2,3,3,3,3,2,2,3,3,3,4,0,1,1,1,1
C27,B,pre,3,2,1,3,3,1,2,3,3,3,2,2,2,3,4,2,2,3,3,3,3,0,1,0,0,0
C27,B,post,3,2,3,2,2,3,2,3,2,2,2,2,3,4,3,4,2,2,3,4,3,1,1,0,0,1
C28,B,pre,3,2,2,3,4,4,3,3,5,3,3,2,3,3,3,2,3,3,2,4,5,0,0,1,1,0
C28,B,post,4,4,4,4,3,4,5,4,4,4,3,4,4,4,4,5,4,3,3,3,4,1,1,1,1,1
C29,B,pre,3,2,2,2,2,3,1,1,1,2,1,2,2,1,3,3,2,3,4,2,2,0,1,1,0,0
C29,B,post,1,2,2,3,1,2,1,1,1,1,2,2,1,3,2,2,2,2,2,1,3,1,1,1,0,0
C30,B,pre,3,2,3,2,2,3,1,1,1,2,2,1,2,3,2,3,2,3,3,3,3,0,0,0,0,1
C30,B,post,3,4,5,3,4,3,3,4,3,2,3,4,3,3,4,4,4,4,3,4,4,1,1,1,1,0
C31,B,pre,4,3,2,2,4,3,3,3,3,3,2,3,3,3,3,3,4,4,3,4,4,1,0,0,0,0
C31,B,post,3,4,4,5,4,4,4,5,4,4,3,5,3,4,4,5,5,3,4,4,5,1,0,1,1,1
C32,B,pre,2,2,2,3,1,1,1,2,3,1,2,3,2,2,3,3,3,3,4,2,3,0,1,0,0,0
C32,B,post,4,4,4,3,2,5,4,4,2,4,4,3,2,3,4,2,3,4,3,4,3,1,1,1,0,0
C33,B,pre,2,3,4,4,2,3,2,2,2,3,3,4,2,3,2,2,3,3,3,3,3,1,0,1,0,0
C33,B,post,3,2,4,3,4,3,4,4,4,4,3,4,3,5,3,3,3,3,5,1,5,0,1,1,1,0
C34,B,pre,5,2,4,4,3,3,4,3,4,4,3,3,4,2,3,3,4,5,3,3,4,1,1,1,1,0
C34,B,post,5,5,5,5,4,4,5,4,5,5,5,4,5,5,5,5,4,4,5,4,4,0,1,1,1,1
C35,B,pre,3,3,2,4,2,2,2,3,3,2,3,3,3,3,4,2,3,2,3,3,3,1,1,0,0,1
C35,B,post,3,4,5,4,3,3,3,4,5,5,3,4,3,4,4,4,2,4,2,4,4,1,1,0,0,0
C36,B,pre,2,3,2,4,2,2,3,2,4,3,2,3,3,3,3,3,2,4,3,3,4,1,0,0,1,1
C36,B,post,3,3,4,3,3,3,4,4,3,3,4,3,4,3,3,3,4,4,3,3,3,0,1,1,0,1
