instrument,variable,item_no,label,type,response_values,scoring_rule,best_answer,core_item,direction,missing_codes,notes
"R1 K-2 (picture-based, read aloud)",k2_q1_score,1,"""Something online felt yucky or scary. Circle the grown-ups you could tell.""",binary,pictures circled,"1 if at least one trusted adult (family grown-up, teacher, counselor) is circled and neither 'nobody' nor 'a person I only know from a game' is circled; else 0","family, teacher or counselor; not online person; not nobody",yes,higher is better,-9 skipped; -8 not shown; -7 unusable,Assessment Pack Section 7
"R1 K-2 (picture-based, read aloud)",k2_q1_raw,1,raw response to item 1,text/code,as printed,none,,no,,-9 skipped; -8 not shown; -7 unusable,keep only if the protocol allows student-level data
"R1 K-2 (picture-based, read aloud)",k2_q2_score,2,"""A pop-up says, 'You WON! Click here!' What do you do?""",binary,stop and ask a grown-up / click it fast,1 if 'Stop and ask a grown-up',Stop and ask a grown-up,no,higher is better,-9 skipped; -8 not shown; -7 unusable,Assessment Pack Section 7
"R1 K-2 (picture-based, read aloud)",k2_q2_raw,2,raw response to item 2,text/code,as printed,none,,no,,-9 skipped; -8 not shown; -7 unusable,keep only if the protocol allows student-level data
"R1 K-2 (picture-based, read aloud)",k2_q3_score,3,"""Who can know your secret password?""",binary,me and my grown-up / all my friends / everyone,1 if 'Just me and my grown-up',Just me and my grown-up,no,higher is better,-9 skipped; -8 not shown; -7 unusable,Assessment Pack Section 7
"R1 K-2 (picture-based, read aloud)",k2_q3_raw,3,raw response to item 3,text/code,as printed,none,,no,,-9 skipped; -8 not shown; -7 unusable,keep only if the protocol allows student-level data
"R1 K-2 (picture-based, read aloud)",k2_q4_score,4,"""Someone in a game asks you to send a picture of yourself. What do you do?""",binary,tell a grown-up / send it / keep it a secret,1 if 'Tell a grown-up',Tell a grown-up,yes,higher is better,-9 skipped; -8 not shown; -7 unusable,Assessment Pack Section 7
"R1 K-2 (picture-based, read aloud)",k2_q4_raw,4,raw response to item 4,text/code,as printed,none,,no,,-9 skipped; -8 not shown; -7 unusable,keep only if the protocol allows student-level data
"R1 K-2 (picture-based, read aloud)",k2_q5_score,5,"""If you tell a grown-up about something yucky online, will you get in trouble?""",binary,no trouble / in trouble,"1 if 'No, I will not be in trouble'","No, I will not be in trouble",yes,higher is better,-9 skipped; -8 not shown; -7 unusable,Assessment Pack Section 7
"R1 K-2 (picture-based, read aloud)",k2_q5_raw,5,raw response to item 5,text/code,as printed,none,,no,,-9 skipped; -8 not shown; -7 unusable,keep only if the protocol allows student-level data
"R1 K-2 (picture-based, read aloud)",k2_q6_score,6,"""Can a computer make a picture look real when it is pretend?""",binary,yes / no,1 if 'Yes',Yes,no,higher is better,-9 skipped; -8 not shown; -7 unusable,Assessment Pack Section 7
"R1 K-2 (picture-based, read aloud)",k2_q6_raw,6,raw response to item 6,text/code,as printed,none,,no,,-9 skipped; -8 not shown; -7 unusable,keep only if the protocol allows student-level data
"R1 K-2 (picture-based, read aloud)",k2_q7_score,7,"""How do you feel about telling a grown-up when something is yucky?""",tally3,three faces,"Not scored. Tally the three faces (okay, a little worried, very worried)",n/a,no,not scored,-9 skipped; -8 not shown; -7 unusable,Assessment Pack Section 7
"R1 K-2 (picture-based, read aloud)",k2_q7_raw,7,raw response to item 7,text/code,as printed,none,,no,,-9 skipped; -8 not shown; -7 unusable,keep only if the protocol allows student-level data
"R1 K-2 (picture-based, read aloud)",k2_q8_score,8,"""Sometimes you get an 'uh-oh' feeling, like your hackles are going up, when something onli",tally3,three picture choices,"Not scored. Tally 'Uh-oh feeling, and I stop and tell a grown-up'",n/a,no,not scored,-9 skipped; -8 not shown; -7 unusable,Assessment Pack Section 7
"R1 K-2 (picture-based, read aloud)",k2_q8_raw,8,raw response to item 8,text/code,as printed,none,,no,,-9 skipped; -8 not shown; -7 unusable,keep only if the protocol allows student-level data
"R1 K-2 (picture-based, read aloud)",k2_core_score,,Core score (count of best answers on core items),count,0 to 3,Sum of the core item best-answer indicators; item 7 (3-5) and item 5 (6-8) count 3 or 4 as best for the 1-4 confidence scale; open-response items count the top score (6-8 item 7 = 2; 9-12 item 10 = 3),3,derived,higher is better,-9 if any core item missing,Teacher computes from the tally sheet
R2 Grades 3-5,g35_q1_score,1,"Someone in a game says, ""Let's chat on a different app, and don't tell your parents."" What",binary,A to D,1 if B,B,yes,higher is better,-9 skipped; -8 not shown; -7 unusable,Assessment Pack Section 7
R2 Grades 3-5,g35_q1_raw,1,raw response to item 1,text/code,as printed,none,,no,,-9 skipped; -8 not shown; -7 unusable,keep only if the protocol allows student-level data
R2 Grades 3-5,g35_q2_score,2,Which is the strongest password? (Circle one.),binary,A to D,1 if C,C,no,higher is better,-9 skipped; -8 not shown; -7 unusable,Assessment Pack Section 7
R2 Grades 3-5,g35_q2_raw,2,raw response to item 2,text/code,as printed,none,,no,,-9 skipped; -8 not shown; -7 unusable,keep only if the protocol allows student-level data
R2 Grades 3-5,g35_q3_score,3,"A message says, ""Free 10,000 game coins! Type your password to get them."" What should you ",binary,A to D,1 if B,B,no,higher is better,-9 skipped; -8 not shown; -7 unusable,Assessment Pack Section 7
R2 Grades 3-5,g35_q3_raw,3,raw response to item 3,text/code,as printed,none,,no,,-9 skipped; -8 not shown; -7 unusable,keep only if the protocol allows student-level data
R2 Grades 3-5,g35_q4_score,4,"True or false: ""If I tell a trusted adult about a mistake I made online, I will probably g",binary,True / False / I'm not sure,1 if False ('Not sure' = 0),False,yes,higher is better,-9 skipped; -8 not shown; -7 unusable,Assessment Pack Section 7
R2 Grades 3-5,g35_q4_raw,4,raw response to item 4,text/code,as printed,none,,no,,-9 skipped; -8 not shown; -7 unusable,keep only if the protocol allows student-level data
R2 Grades 3-5,g35_q5_score,5,Write the names or roles of two trusted adults you could tell.,count,two names or roles,"1 point per trusted adult named, up to 2 (family, teacher, counselor, coach or similar; not an online-only contact or nobody)",2 trusted adults,no,higher is better,-9 skipped; -8 not shown; -7 unusable,Assessment Pack Section 7
R2 Grades 3-5,g35_q5_raw,5,raw response to item 5,text/code,as printed,none,,no,,-9 skipped; -8 not shown; -7 unusable,keep only if the protocol allows student-level data
R2 Grades 3-5,g35_q6_score,6,A classmate is being picked on in a group chat. Which is an upstander move? (Circle one.),binary,A to D,1 if C,C,no,higher is better,-9 skipped; -8 not shown; -7 unusable,Assessment Pack Section 7
R2 Grades 3-5,g35_q6_raw,6,raw response to item 6,text/code,as printed,none,,no,,-9 skipped; -8 not shown; -7 unusable,keep only if the protocol allows student-level data
R2 Grades 3-5,g35_q7_score,7,How sure are you that you would tell a trusted adult if something online scared you? (Circ,scale4,1 to 4,Scale 1 to 4 as given. For percent confident count 3 and 4,3 or 4,yes,higher is better,-9 skipped; -8 not shown; -7 unusable,Assessment Pack Section 7
R2 Grades 3-5,g35_q7_raw,7,raw response to item 7,text/code,as printed,none,,no,,-9 skipped; -8 not shown; -7 unusable,keep only if the protocol allows student-level data
R2 Grades 3-5,g35_q8_score,8,How can you check whether a picture online is real or made by a computer? (Circle one.),binary,A to D,1 if B,B,no,higher is better,-9 skipped; -8 not shown; -7 unusable,Assessment Pack Section 7
R2 Grades 3-5,g35_q8_raw,8,raw response to item 8,text/code,as printed,none,,no,,-9 skipped; -8 not shown; -7 unusable,keep only if the protocol allows student-level data
R2 Grades 3-5,g35_q9_score,9,You clicked a link by mistake. What are the first two steps? (Circle one.),binary,A to D,1 if B,B,no,higher is better,-9 skipped; -8 not shown; -7 unusable,Assessment Pack Section 7
R2 Grades 3-5,g35_q9_raw,9,raw response to item 9,text/code,as printed,none,,no,,-9 skipped; -8 not shown; -7 unusable,keep only if the protocol allows student-level data
R2 Grades 3-5,g35_q10_score,10,"Noticing your hackles. How sure are you that you would notice the ""uh-oh"" feeling (your ha",scale4,1 to 4,Hackles noticing scale. Not scored; not a core item. Count 3 and 4 as confident they would notice,3 or 4,no,higher is better,-9 skipped; -8 not shown; -7 unusable,Assessment Pack Section 7
R2 Grades 3-5,g35_q10_raw,10,raw response to item 10,text/code,as printed,none,,no,,-9 skipped; -8 not shown; -7 unusable,keep only if the protocol allows student-level data
R2 Grades 3-5,g35_core_score,,Core score (count of best answers on core items),count,0 to 3,Sum of the core item best-answer indicators; item 7 (3-5) and item 5 (6-8) count 3 or 4 as best for the 1-4 confidence scale; open-response items count the top score (6-8 item 7 = 2; 9-12 item 10 = 3),3,derived,higher is better,-9 if any core item missing,Teacher computes from the tally sheet
R3 Grades 6-8,g68_q1_score,1,"Someone you met in a game becomes very friendly, sends gifts, asks you to move to a privat",binary,"circle all that apply, A to E","1 if B, C and D are all circled and neither A nor E is circled","B, C, D only",no,higher is better,-9 skipped; -8 not shown; -7 unusable,Assessment Pack Section 7
R3 Grades 6-8,g68_q1_raw,1,raw response to item 1,text/code,as printed,none,,no,,-9 skipped; -8 not shown; -7 unusable,keep only if the protocol allows student-level data
R3 Grades 6-8,g68_q2_score,2,Someone online threatens to share a private picture of you unless you send money or more p,binary,"circle all that apply, A to F","1 if A, D and at least one of B or F are circled and neither C nor E is circled","A, D and (B or F); not C or E",yes,higher is better,-9 skipped; -8 not shown; -7 unusable,Assessment Pack Section 7
R3 Grades 6-8,g68_q2_raw,2,raw response to item 2,text/code,as printed,none,,no,,-9 skipped; -8 not shown; -7 unusable,keep only if the protocol allows student-level data
R3 Grades 6-8,g68_q3_score,3,"True or false: If a fake sexual picture of you is made by AI, it is your fault.",binary,True / False / Not sure,1 if False,False,no,higher is better,-9 skipped; -8 not shown; -7 unusable,Assessment Pack Section 7
R3 Grades 6-8,g68_q3_raw,3,raw response to item 3,text/code,as printed,none,,no,,-9 skipped; -8 not shown; -7 unusable,keep only if the protocol allows student-level data
R3 Grades 6-8,g68_q4_score,4,"If I told a trusted adult about something scary that happened to me online, I think I woul",scale4,1 to 4,Belief scale; higher is better. Count 3 and 4 as unlikely to be in trouble,3 or 4,no,higher is better,-9 skipped; -8 not shown; -7 unusable,Assessment Pack Section 7
R3 Grades 6-8,g68_q4_raw,4,raw response to item 4,text/code,as printed,none,,no,,-9 skipped; -8 not shown; -7 unusable,keep only if the protocol allows student-level data
R3 Grades 6-8,g68_q5_score,5,I know who I would tell and how to tell them. (Circle one.),scale4,1 to 4,Confidence 1 to 4. Count 3 and 4 as confident,3 or 4,yes,higher is better,-9 skipped; -8 not shown; -7 unusable,Assessment Pack Section 7
R3 Grades 6-8,g68_q5_raw,5,raw response to item 5,text/code,as printed,none,,no,,-9 skipped; -8 not shown; -7 unusable,keep only if the protocol allows student-level data
R3 Grades 6-8,g68_q6_score,6,Which will most help keep an account safe if your password is stolen? (Circle one.),binary,A to D,1 if B,B,no,higher is better,-9 skipped; -8 not shown; -7 unusable,Assessment Pack Section 7
R3 Grades 6-8,g68_q6_raw,6,raw response to item 6,text/code,as printed,none,,no,,-9 skipped; -8 not shown; -7 unusable,keep only if the protocol allows student-level data
R3 Grades 6-8,g68_q7_score,7,Write the first sentence you would say to a trusted adult to start telling them about some,ordinal3,"open response, 0 to 2","Open-response rubric: 0 none, joke or blame; 1 vague worry or ask; 2 clear help-seeking sentence naming the issue and asking for support",2,yes,higher is better,-9 skipped; -8 not shown; -7 unusable,Assessment Pack Section 7
R3 Grades 6-8,g68_q7_raw,7,raw response to item 7,text/code,as printed,none,,no,,-9 skipped; -8 not shown; -7 unusable,keep only if the protocol allows student-level data
R3 Grades 6-8,g68_q8_score,8,True or false: An AI chatbot is the best person to tell about a serious worry or danger.,binary,True / False / Not sure,1 if False,False,no,higher is better,-9 skipped; -8 not shown; -7 unusable,Assessment Pack Section 7
R3 Grades 6-8,g68_q8_raw,8,raw response to item 8,text/code,as printed,none,,no,,-9 skipped; -8 not shown; -7 unusable,keep only if the protocol allows student-level data
R3 Grades 6-8,g68_q9_score,9,A friend sends you a screenshot of a classmate's private picture. What do you do? (Circle ,binary,A to D,1 if B,B,no,higher is better,-9 skipped; -8 not shown; -7 unusable,Assessment Pack Section 7
R3 Grades 6-8,g68_q9_raw,9,raw response to item 9,text/code,as printed,none,,no,,-9 skipped; -8 not shown; -7 unusable,keep only if the protocol allows student-level data
R3 Grades 6-8,g68_q10_score,10,"Out of 10 students in your grade, how many do you think would help a friend who was being ",count,0 to 10,Peer norm estimate. Not scored. Track the class average,n/a,no,not scored,-9 skipped; -8 not shown; -7 unusable,Assessment Pack Section 7
R3 Grades 6-8,g68_q10_raw,10,raw response to item 10,text/code,as printed,none,,no,,-9 skipped; -8 not shown; -7 unusable,keep only if the protocol allows student-level data
R3 Grades 6-8,g68_q11_score,11,"Noticing your hackles. How sure are you that you would notice the ""uh-oh"" feeling (your ha",scale4,1 to 4,Hackles noticing scale. Not scored; not a core item. Count 3 and 4 as confident they would notice,3 or 4,no,higher is better,-9 skipped; -8 not shown; -7 unusable,Assessment Pack Section 7
R3 Grades 6-8,g68_q11_raw,11,raw response to item 11,text/code,as printed,none,,no,,-9 skipped; -8 not shown; -7 unusable,keep only if the protocol allows student-level data
R3 Grades 6-8,g68_core_score,,Core score (count of best answers on core items),count,0 to 3,Sum of the core item best-answer indicators; item 7 (3-5) and item 5 (6-8) count 3 or 4 as best for the 1-4 confidence scale; open-response items count the top score (6-8 item 7 = 2; 9-12 item 10 = 3),3,derived,higher is better,-9 if any core item missing,Teacher computes from the tally sheet
R4 Grades 9-12,g912_q1_score,1,A person you met online says they have a private image of you and demands money or more im,binary,A to D,1 if B,B,yes,higher is better,-9 skipped; -8 not shown; -7 unusable,Assessment Pack Section 7
R4 Grades 9-12,g912_q1_raw,1,raw response to item 1,text/code,as printed,none,,no,,-9 skipped; -8 not shown; -7 unusable,keep only if the protocol allows student-level data
R4 Grades 9-12,g912_q2_score,2,Mark each statement True (T) or False (F).,binary,five True/False statements a to e,"1 point for 4 or 5 correct (a F, b T, c T, d F, e T)",4 or 5 correct,no,higher is better,-9 skipped; -8 not shown; -7 unusable,Assessment Pack Section 7
R4 Grades 9-12,g912_q2_raw,2,raw response to item 2,text/code,as printed,none,,no,,-9 skipped; -8 not shown; -7 unusable,keep only if the protocol allows student-level data
R4 Grades 9-12,g912_q3_score,3,How confident are you that you could explain the steps for responding to image abuse to a ,scale5,1 to 5,Confidence 1 to 5. Count 4 and 5 as confident,4 or 5,no,higher is better,-9 skipped; -8 not shown; -7 unusable,Assessment Pack Section 7
R4 Grades 9-12,g912_q3_raw,3,raw response to item 3,text/code,as printed,none,,no,,-9 skipped; -8 not shown; -7 unusable,keep only if the protocol allows student-level data
R4 Grades 9-12,g912_q4_score,4,"If something like this happened to me or a close friend, how likely is it that I would tel",scale5,1 to 5,Likelihood 1 to 5. Count 4 and 5 as likely,4 or 5,yes,higher is better,-9 skipped; -8 not shown; -7 unusable,Assessment Pack Section 7
R4 Grades 9-12,g912_q4_raw,4,raw response to item 4,text/code,as printed,none,,no,,-9 skipped; -8 not shown; -7 unusable,keep only if the protocol allows student-level data
R4 Grades 9-12,g912_q5_score,5,What would make you hesitate to tell? (Circle all that apply. Not scored; helps us improve,multi,"circle all that apply, A to G",Barriers. Not scored. Tally each barrier pre and post,n/a,no,not scored,-9 skipped; -8 not shown; -7 unusable,Assessment Pack Section 7
R4 Grades 9-12,g912_q5_raw,5,raw response to item 5,text/code,as printed,none,,no,,-9 skipped; -8 not shown; -7 unusable,keep only if the protocol allows student-level data
R4 Grades 9-12,g912_q6_score,6,Which is the strongest way to protect your most important account?,binary,A to D,1 if B,B,no,higher is better,-9 skipped; -8 not shown; -7 unusable,Assessment Pack Section 7
R4 Grades 9-12,g912_q6_raw,6,raw response to item 6,text/code,as printed,none,,no,,-9 skipped; -8 not shown; -7 unusable,keep only if the protocol allows student-level data
R4 Grades 9-12,g912_q7_score,7,A shocking video of a public figure is spreading. What is the best first step?,binary,A to D,1 if B,B,no,higher is better,-9 skipped; -8 not shown; -7 unusable,Assessment Pack Section 7
R4 Grades 9-12,g912_q7_raw,7,raw response to item 7,text/code,as printed,none,,no,,-9 skipped; -8 not shown; -7 unusable,keep only if the protocol allows student-level data
R4 Grades 9-12,g912_q8_score,8,A friend says they are in crisis and asks you to keep it secret. What is the best response,binary,A to D,1 if B,B,no,higher is better,-9 skipped; -8 not shown; -7 unusable,Assessment Pack Section 7
R4 Grades 9-12,g912_q8_raw,8,raw response to item 8,text/code,as printed,none,,no,,-9 skipped; -8 not shown; -7 unusable,keep only if the protocol allows student-level data
R4 Grades 9-12,g912_q9_score,9,Which of these can be signs of controlling behavior in an online relationship? (Circle all,binary,"circle all that apply, A to E","1 if A, B, D and E are circled and C is not","A, B, D, E only",no,higher is better,-9 skipped; -8 not shown; -7 unusable,Assessment Pack Section 7
R4 Grades 9-12,g912_q9_raw,9,raw response to item 9,text/code,as printed,none,,no,,-9 skipped; -8 not shown; -7 unusable,keep only if the protocol allows student-level data
R4 Grades 9-12,g912_q10_score,10,Write a three-step plan you would follow if someone threatened you or a friend online.,ordinal4,"open response, 0 to 3","Rubric: 0 none or harmful plan; 1 one useful action; 2 two useful actions from STOP, SAVE, TELL, REPORT; 3 sequenced plan with TELL and at least one of SAVE or REPORT, no harmful steps",3,yes,higher is better,-9 skipped; -8 not shown; -7 unusable,Assessment Pack Section 7
R4 Grades 9-12,g912_q10_raw,10,raw response to item 10,text/code,as printed,none,,no,,-9 skipped; -8 not shown; -7 unusable,keep only if the protocol allows student-level data
R4 Grades 9-12,g912_q11_score,11,"Noticing your hackles. How likely are you to notice and name your ""uh-oh"" feeling (your ha",scale5,1 to 5,Hackles noticing scale. Not scored; not a core item. Count 4 and 5 as likely to notice,4 or 5,no,higher is better,-9 skipped; -8 not shown; -7 unusable,Assessment Pack Section 7
R4 Grades 9-12,g912_q11_raw,11,raw response to item 11,text/code,as printed,none,,no,,-9 skipped; -8 not shown; -7 unusable,keep only if the protocol allows student-level data
R4 Grades 9-12,g912_core_score,,Core score (count of best answers on core items),count,0 to 3,Sum of the core item best-answer indicators; item 7 (3-5) and item 5 (6-8) count 3 or 4 as best for the 1-4 confidence scale; open-response items count the top score (6-8 item 7 = 2; 9-12 item 10 = 3),3,derived,higher is better,-9 if any core item missing,Teacher computes from the tally sheet
R5 Academy confidence survey,a1,1,"Explain the main risks children face online in calm, accurate language",scale5,1 to 5,as marked,5,no,higher is better,-9,Part A
R5 Academy confidence survey,a2,2,Tell which online-safety statistics I can trust and which I should check,scale5,1 to 5,as marked,5,no,higher is better,-9,Part A
R5 Academy confidence survey,a3,3,"Create and use strong, unique passwords or passkeys, and turn on 2-step verification",scale5,1 to 5,as marked,5,no,higher is better,-9,Part A
R5 Academy confidence survey,a4,4,Spot common signs of a phishing message and explain them to students,scale5,1 to 5,as marked,5,no,higher is better,-9,Part A
R5 Academy confidence survey,a5,5,"Talk with students about their games, group chats and apps without judging",scale5,1 to 5,as marked,5,no,higher is better,-9,Part A
R5 Academy confidence survey,a6,6,Explain why fear-based warnings and one-off assemblies are less effective,scale5,1 to 5,as marked,5,no,higher is better,-9,Part A
R5 Academy confidence survey,a7,7,Design a lesson that has students practice a skill,scale5,1 to 5,as marked,5,no,higher is better,-9,Part A
R5 Academy confidence survey,a8,8,Teach a 15-minute Hackles lesson on time,scale5,1 to 5,as marked,5,no,higher is better,-9,Part A
R5 Academy confidence survey,a9,9,Ask good open questions and respond to unexpected answers,scale5,1 to 5,as marked,5,no,higher is better,-9,Part A
R5 Academy confidence survey,a10,10,Say the right things in the first minutes after a child tells me something serious,scale5,1 to 5,as marked,5,yes,higher is better,-9,Part A
R5 Academy confidence survey,a11,11,Name my school's reporting steps and who to contact,scale5,1 to 5,as marked,5,yes,higher is better,-9,Part A
R5 Academy confidence survey,a12,12,"Avoid viewing or sharing any intimate image, and know what to do instead",scale5,1 to 5,as marked,5,no,higher is better,-9,Part A
R5 Academy confidence survey,a13,13,Adapt a lesson for English learners and students with disabilities,scale5,1 to 5,as marked,5,no,higher is better,-9,Part A
R5 Academy confidence survey,a14,14,Teach in a way that works for students without devices or internet at home,scale5,1 to 5,as marked,5,no,higher is better,-9,Part A
R5 Academy confidence survey,a15,15,Respond calmly to a parent who is worried or upset about a lesson,scale5,1 to 5,as marked,5,no,higher is better,-9,Part A
R5 Academy confidence survey,a16,16,"Tell whether my teaching is working, using simple measures",scale5,1 to 5,as marked,5,no,higher is better,-9,Part A
R5 Academy confidence survey,a17,17,Look after myself after a hard conversation,scale5,1 to 5,as marked,5,no,higher is better,-9,Part A
R5 Academy confidence survey,a18,18,Teach a colleague what I have learned,scale5,1 to 5,as marked,5,no,higher is better,-9,Part A
R5 Academy confidence survey,b19,19,Teaching online safety lessons,scale5,1 to 5,as marked,5,no,higher is better,-9,Part B comfort
R5 Academy confidence survey,b20,20,A student telling me something serious,scale5,1 to 5,as marked,5,no,higher is better,-9,Part B comfort
R5 Academy confidence survey,b21,21,Not knowing the answer to a student's technology question,scale5,1 to 5,as marked,5,no,higher is better,-9,Part B comfort
R5 Academy confidence survey,k1,1,A strong password habit is: (a) one clever short password for everything (b) change it wee,binary,a to d,1 if c,c,no,higher is better,-9,Part C knowledge snapshot
R5 Academy confidence survey,k2,2,"""Reasonable suspicion"" in mandated reporting means: (a) proof (b) a confession (c) a polic",binary,a to d,1 if d,d,no,higher is better,-9,Part C knowledge snapshot
R5 Academy confidence survey,k3,3,"Which approach is better supported for safety teaching? (a) repeated, skill-based lessons ",binary,a to d,1 if a,a,no,higher is better,-9,Part C knowledge snapshot
R5 Academy confidence survey,k4,4,"When a child tells you something serious, you should say: (a) ""Why did you do that?"" (b) """,binary,a to d,1 if d,d,no,higher is better,-9,Part C knowledge snapshot
R5 Academy confidence survey,k5,5,"The Hackles routine is: (a) Stop, Drop, Roll (b) Click, Share, Post (c) Hackles up? Pause.",binary,a to d,1 if c,c,no,higher is better,-9,Part C knowledge snapshot
R5 Academy confidence survey,a_mean,,Part A mean,derived,,mean of a1 to a18,,derived,higher is better,-9 if any component missing,derived
R5 Academy confidence survey,a_resp,,Response readiness mean,derived,,mean of a10 and a11,,derived,higher is better,-9 if any component missing,derived
R5 Academy confidence survey,b_mean,,Part B mean,derived,,mean of b19 to b21,,derived,higher is better,-9 if any component missing,derived
R5 Academy confidence survey,k_total,,Knowledge snapshot total,derived,,sum of k1 to k5,,derived,higher is better,-9 if any component missing,derived
R5 Academy confidence survey,change_a,,Change in Part A mean,derived,,post a_mean minus pre a_mean,,derived,higher is better,-9 if any component missing,derived
R6 Skill rubric (class counts),r6_notice_end,,students scoring 3 or 4 at end (notice),count,0 to class size,count of students at Proficient or above,,no,higher is better,-9,Assessment Pack Section 8 and 10 Part C
R6 Skill rubric (class counts),r6_pause_end,,students scoring 3 or 4 at end (pause),count,0 to class size,count of students at Proficient or above,,no,higher is better,-9,Assessment Pack Section 8 and 10 Part C
R6 Skill rubric (class counts),r6_check_end,,students scoring 3 or 4 at end (check),count,0 to class size,count of students at Proficient or above,,no,higher is better,-9,Assessment Pack Section 8 and 10 Part C
R6 Skill rubric (class counts),r6_tell_end,,students scoring 3 or 4 at end (tell),count,0 to class size,count of students at Proficient or above,,no,higher is better,-9,Assessment Pack Section 8 and 10 Part C
R6 Skill rubric (class counts),r6_ladder_end,,students scoring 3 or 4 at end (ladder),count,0 to class size,count of students at Proficient or above,,no,higher is better,-9,Assessment Pack Section 8 and 10 Part C
R6 Skill rubric (class counts),r6_drill_end,,students scoring 3 or 4 at end (drill),count,0 to class size,count of students at Proficient or above,,no,higher is better,-9,Assessment Pack Section 8 and 10 Part C
R6 Skill rubric (class counts),r6_noblame_end,,students scoring 3 or 4 at end (noblame),count,0 to class size,count of students at Proficient or above,,no,higher is better,-9,Assessment Pack Section 8 and 10 Part C
R7 Class tally,class_id,,class study code,count/text,,from tally sheet,,,,-9,aggregate only
R7 Class tally,condition,,arm or step,count/text,,from tally sheet,,,,-9,aggregate only
R7 Class tally,n_pre,,students with pre survey,count/text,,from tally sheet,,,,-9,aggregate only
R7 Class tally,n_post,,students with post survey,count/text,,from tally sheet,,,,-9,aggregate only
R7 Class tally,core_pre_best,,"core best answers, pre",count/text,,from tally sheet,,,,-9,aggregate only
R7 Class tally,core_pre_answered,,"core item responses, pre",count/text,,from tally sheet,,,,-9,aggregate only
R7 Class tally,core_post_best,,"core best answers, post",count/text,,from tally sheet,,,,-9,aggregate only
R7 Class tally,core_post_answered,,"core item responses, post",count/text,,from tally sheet,,,,-9,aggregate only
R7 Class tally,matched_up,,matched pairs up,count/text,,from tally sheet,,,,-9,aggregate only
R7 Class tally,matched_same,,matched pairs same,count/text,,from tally sheet,,,,-9,aggregate only
R7 Class tally,matched_down,,matched pairs down,count/text,,from tally sheet,,,,-9,aggregate only
R8 Workshop short form,w1,,fun and energizing,scale5,1 to 5,as marked,5,no,higher is better,-9,Facilitator Evaluation Section 2
R8 Workshop short form,w2,,"felt safe, free to pass",scale5,1 to 5,as marked,5,no,higher is better,-9,Facilitator Evaluation Section 2
R8 Workshop short form,w3,,practiced something usable,scale5,1 to 5,as marked,5,no,higher is better,-9,Facilitator Evaluation Section 2
